1.143453098523338873e+00,1.589349328462270838e+00
-5.429969426493473916e-01,3.584555352829009056e+00
1.179257982535950322e-01,2.582258657036828886e+00
1.812066750270652005e+00,-1.276411721636113716e+00
1.715546778283709051e+00,-1.411930357456630647e+00
3.091907522986313772e+00,-2.341416336575355306e+00
1.550368172592430538e+00,-1.058149276193735444e+00
1.633741414275705628e+00,-1.927550180934600510e+00
3.812431164487125046e-01,1.309696184504490768e+00
1.210557804750106714e-01,2.165468122958679409e+00
-1.289684616731802125e-01,1.849043893586416409e+00
-6.316175836369111174e-01,2.675656010433533627e+00
-1.676141142995872135e+00,1.958311089024122653e+00
1.821798702666518333e+00,-1.350265213116599305e+00
1.406033203794559094e+00,-1.070766062865376345e+00
1.481834333790802205e+00,-1.254988042125714465e+00
1.748325025025757373e+00,-1.470740372286102771e+00
-1.036439414360385558e-01,8.991799795334877166e-01
-8.527452958992062237e-01,2.699124432765938053e+00
-1.304070710039985537e+00,1.173261885016547712e+00
-1.782604144834438520e+00,1.265829292836164299e+00
-3.329714870650699599e+00,1.282856357235559797e+00
-1.155281897130609803e+00,4.448999197373151859e-01
8.922772692392765270e-01,-1.821023685205690912e+00
-1.110021679233755609e+00,-3.586166018826802970e-02
5.644308296056479435e-01,1.912875705281101846e+00
-8.469656473999637170e-01,2.531055982787258074e+00
-8.534102306494610879e-01,1.704468635298901358e+00
1.649111948345716616e+00,-1.859826609228003580e+00
2.054266596164921188e-01,-1.243367791264925470e+00
-1.477352216324383072e+00,3.078605322618103157e-01
-2.967054789041886353e-01,-9.368525015816984158e-01
1.727518130202397195e+00,-3.029662661357071851e+00
-3.050683699708006680e-01,-8.298209733939233557e-01
1.066575783611040801e-01,2.198824418448608320e+00
-5.849994028131735302e-01,2.599995557900061982e+00
-4.067452869887908662e-01,1.736207692741326136e+00
-3.527240503966695417e-01,1.289370201167351071e-01
-1.809558754214930731e+00,7.800559989619673118e-01
-1.635321300268790745e+00,3.026722678326395077e-01
1.249735809102764661e-01,-1.070989225130968697e-01
3.833948471989796491e-01,9.809637326648548705e-02
6.085109391877173424e-02,2.019649236656342328e+00
-6.051779297865560459e-01,1.696160308862101340e+00
-1.745498088391405078e+00,1.591897515430586996e+00
-2.315452377619524604e+00,1.495282875615959073e+00
-1.585035330473588466e+00,6.226064533237180010e-01
-1.761942324262189441e+00,2.152449509751810375e-01
1.143851027351911798e+00,-8.878486712417563709e-01
1.849124531289113305e-01,-8.104225752251731363e-01
-1.335167321649392558e-01,-2.097503429749141002e-02
1.012383949083395018e+00,1.919385638676731176e+00
-5.118149570206546040e-01,3.430224219118509055e+00
-1.178117570948404857e+00,1.912297904162603146e+00
5.593470425503651589e-01,1.237163512686865335e-02
5.556609038283126800e-01,4.206406753376143448e-01
1.223500053961370293e+00,-1.773427421072244770e-02
1.082148903891680725e+00,-4.059710612044217237e-01
2.942699156346156864e-01,3.437003821792893876e-01
5.256950083291187514e-01,1.480873895452790301e-01
4.453573797413545865e-01,2.581079149206068735e+00
-4.182941157079933525e-01,2.737139556015277364e+00
-8.972802979022304060e-01,1.965614906357440406e+00
-3.011383991781028113e-01,6.454168865167299041e-01
-8.870806325149196425e-01,3.476011899738269406e-01
-4.634356919413344933e-01,-8.916010554191548809e-02
1.305410247965729020e+00,-1.432114339351571619e+00
4.307553655441034302e-01,-1.000537261711175629e+00
4.385479722033909233e-01,-1.283214186863901984e+00
5.906453080901651331e-01,1.188485805578374688e+00
-6.848717301047771433e-02,2.543785323912802987e+00
-1.272802772440944530e+00,2.775995308699016562e+00
-6.457309419352943447e-01,1.765838656711302690e+00
1.760053279001258630e+00,-2.199496880065137550e+00
1.641896175508709366e+00,-1.425579256062006195e+00
-2.284414568277260749e+00,-9.739763747085590229e-01
-1.205626072763522849e+00,-4.494157812992755074e-01
-2.772687371853257421e-01,-3.356233782814471489e+00
8.628712768160856639e-02,1.867776715358466566e+00
-6.691172392876640895e-01,1.338608591996151453e+00
-7.127153764343553410e-01,1.650760162334002912e+00
-1.089135821740579768e+00,9.320980637285407600e-01
-1.732658697098363954e+00,3.861687557197456822e-01
-8.319953503746110313e-01,1.344996751011351965e-01
4.138265310008712450e-01,-6.911602003258857652e-01
-1.281365608985515658e+00,6.005761532133269825e-02
4.921169875329892140e-01,1.726794810116651091e-01
2.488143225787110557e-01,1.536384035395294445e+00
-3.849826323198719535e-01,1.840403890869617642e+00
-1.696448278664123066e+00,1.268374404919837994e+00
-2.136605229491381763e+00,3.974049960362101008e-01
-1.097755748644790197e+00,2.484423618950128421e-01
-1.915454887334302470e+00,3.732506364522565345e-01
4.859039769093251304e-02,-3.878284527669076942e-01
4.923542292154530209e-01,-5.900275466425536353e-01
-1.625869653794913994e+00,-7.961256989265464989e-01
1.652381302943279895e-01,2.627055058327163906e+00
-6.781282633456017228e-01,2.768237806163084791e+00
-1.465946494897020669e+00,2.257993663828387287e+00
-1.584905530994549228e+00,1.257384739012275432e+00
-3.031293339196412084e+00,7.243089777848654709e-01
1.271685457860795565e-01,-1.207918847111715821e-01
6.123183520570958382e-01,2.680865075778666173e-01
9.252213564972971982e-01,-5.373989091474267177e-01
-7.615734686021102817e-01,-1.224186176787799285e+00
6.510073080190348360e-01,4.894287371328412406e-01
6.101129355053538372e-01,2.118326480513419874e+00
-1.598359260402535842e+00,1.924022501534615515e+00
-1.085858225951863432e+00,1.064583099021331636e+00
-2.198656101377642891e+00,1.192576411489945087e+00
6.965317725350116396e-01,-5.418255805206525499e-01
6.641912664595472915e-02,-7.641728027167425941e-01
6.470159572259233383e-02,-1.995100085973571802e-01
-2.400709146503690494e+00,-2.687056544932558300e+00
8.572481862387696383e-01,9.407800712796796638e-01
-4.023059861905172174e-01,1.220333356627070875e+00
-1.216055712985792736e+00,2.001981714249628119e+00
-1.403986626858830578e+00,9.023356713261115880e-01
-4.486215424641525895e-01,3.163870571837539281e-01
-1.656018948129977186e+00,3.087607107443169907e-01
-8.966205047167440378e-01,-2.131020909888745041e-01
-3.953460656802661455e-01,-6.358113436438614929e-01
-1.960431625842011527e-01,-6.933933704114831897e-01
-6.169773597371955853e-01,-1.532473346379279011e+00
-7.221474172165747163e-01,-1.635392251919977280e+00
4.194756441332722630e-01,1.393116874109993519e+00
3.943978385339974024e-01,1.819142656284607140e+00
-2.101322098075078859e+00,1.331040956258827235e+00
-6.635472341490862291e-01,4.234147305882691170e-01
4.080449114673813105e-01,-4.567753915345112992e-01
-1.043468202158669866e+00,2.311757088941636118e-01
-1.060055493481607547e+00,9.521957515375104042e-02
5.268949950073685828e-01,-1.431824103203270138e+00
2.631127617377542749e-01,-4.664223245400089812e-02
5.192949111295799280e-01,1.797718505507223341e+00
-7.276826782867333865e-01,2.728363542763197813e+00
-1.178626389537551500e+00,2.783806702100756425e+00
-1.024680872701616563e-01,1.448324718750597873e+00
3.127361292530312920e-01,1.530153354518185849e-01
-5.138670746820067636e-02,-4.659318252442081754e-01
2.547600925547053308e-01,-4.493986987179761083e-01
6.582620119469703157e-01,-5.814532472317381906e-01
-1.480657476803677597e-01,-1.628591969106840676e+00
3.550654926600807504e-01,1.077867842505907614e+00
-8.328542403595271537e-01,2.345184368198570457e+00
-9.014182704726243500e-01,1.288739762262037347e+00
-1.478935591507541281e+00,9.498069107436393210e-01
-9.995576969756718722e-01,4.233292829519147427e-02
-1.648727746868075883e+00,2.472004431162896920e-01
-5.217396130266307441e-01,2.072764648851410096e-01
7.199609388753440697e-01,-1.072137628015567890e+00
5.655209743404346900e-01,-4.162904141083051401e-01
1.065252411566648849e+00,-1.187791803771531596e+00
-8.627627526297601546e-02,2.147945871175121813e+00
-9.287001866256314742e-01,3.070012005559132895e+00
-1.533926040028955828e+00,1.520980961237716533e+00
-1.439915439961529930e+00,3.994020283014000916e-01
-5.427437281524091217e-01,1.814104830864828877e-01
-1.014828238599491117e+00,1.103253062705764342e-01
-3.313142106208544213e-01,-3.766143190372316374e-01
-4.544544363912780272e-01,1.170060178607584267e-01
-7.076388158736284240e-01,-6.479760937263563392e-01
-1.126104965060487073e-02,-1.853826456900179998e-01
1.258752136386753762e+00,2.113926191827878220e+00
-5.863815639381770861e-01,9.123863314422555604e-01
-9.998799529352844218e-01,1.594031384604843948e+00
-5.629873882429142773e-01,1.031154996012419112e+00
-7.479589031210917005e-01,4.435568646698864193e-01
-1.316633379542839766e+00,4.976359350502077561e-01
-1.449634797906653061e+00,2.374346232220623243e-01
2.731700664328221562e-01,-1.060807078510122015e+00
8.557152206290271623e-01,1.253275474921269783e+00
7.637441734425958195e-01,6.214160125406946733e-01
-1.101847048399756224e+00,1.063557980809131109e+00
-7.310639646435614925e-01,1.573430988140259501e+00
-1.240139384380683163e+00,1.402516672541594511e+00
-7.936518928881461932e-01,-6.163025939011668175e-02
4.627143946737019564e-01,-1.070486606744296854e+00
-6.559367048240599685e-02,-7.908661718490372916e-01
1.535666483225627044e+00,-1.698204820416582495e+00
5.303504053075173141e-01,2.938988652578797267e-01
-2.568109003770521204e-01,5.865429828415856806e-01
-1.486005779962057405e+00,1.663121277345157800e+00
-1.490164813075260053e+00,4.455504286495645117e-01
-9.758549227713799734e-01,3.382271734410140507e-01
-1.221173166020607992e+00,4.810554383546654655e-01
-1.878087702501053391e+00,3.269915091665219764e-01
-4.674946769119672219e-01,-2.324699486385297664e+00
-7.071090519221463477e-01,1.046788872448126406e-01
1.761390073907497800e-01,8.919838107681444805e-01
-1.282792091184339123e+00,2.069423392037914589e+00
-5.378547426287069166e-01,1.274855489429032485e+00
-2.226504572571190443e-01,4.716064268520183678e-01
-1.368717598578009120e+00,2.182292018554317092e-01
-1.248283230817540224e+00,2.309971579631417415e-01
-3.265411718709487765e-01,-3.647497449143642656e-02
-2.031779697852163391e+00,3.251580563397188928e-01
3.629809228048870851e-01,8.782542089565811283e-01
2.688401603020042219e-02,1.843646012058138828e+00
-1.027033866188316491e+00,2.552644271443164303e+00
-1.640905683468894871e+00,8.717866866594187192e-01
5.977971317485750724e-01,-5.322399689715511251e-01
-9.077758137860009180e-01,2.354188755481030626e-01
1.971415370867209749e+00,-1.388856058961892126e+00
1.177458904871188317e+00,-5.279376498746857216e-01
5.156745648711882346e-01,-3.911517891596086316e-01
-4.362620024422679821e-01,-2.198359908022526343e-01
-2.030883307394604209e-02,6.023982957680198425e-01
-1.290557989717224796e+00,1.988035160998429474e+00
-7.877439680774889208e-01,1.070735721798667051e+00
-9.891094132063127375e-01,5.527780913695336945e-02
-1.124501017447620432e+00,6.053399781098096899e-02
1.994425658807155999e-01,-3.077752839103342630e-01
6.300597865901722550e-01,-8.681992633309005836e-01
3.023397951760373736e-01,-1.599705791587681336e+00
2.029922313145921531e-01,2.821759477103841784e-01
1.348992152848715431e+00,1.103731507585337113e+00
-5.874900495316985882e-01,1.435000773081655190e+00
-7.719094956191727697e-01,1.973481616756037615e+00
-1.363964043905698142e+00,1.849153249064166449e+00
-1.191661888574761408e+00,8.040624894254633226e-01
-5.353976923810664923e-01,4.367852314619730114e-02
-2.954379701528501156e-01,-1.454223876155846806e-02
-1.215499428455865782e+00,3.995656335300650785e-01
-1.236720744636363944e+00,-4.081658543264993222e-02
-7.832289350931388450e-01,-4.550691494186916985e-01
2.368731722595793787e-01,1.061006772756420746e+00
-1.109468976172732324e+00,2.585318210504448988e+00
-9.513521300195132424e-01,1.301794498808860556e+00
-1.225249056924690105e+00,8.776749280523966634e-01
-3.591323983939084252e-01,1.559948484562335147e-01
-1.819260588943889312e+00,1.799142374492441743e-01
-1.024783169752408574e+00,-5.091045605919225503e-01
1.684843751940311996e-01,-1.907225094261065790e+00
-8.361956543786616125e-01,8.090956210266926352e-01
6.987143483212117090e-01,1.429616384449909905e+00
-8.977244609072632109e-01,3.128582135150274723e+00
-1.135394804458649265e+00,1.482558131640623111e+00
-1.143134317333811101e+00,6.249904473112399828e-01
-1.833445238505398533e+00,1.082920189608593681e-01
-1.227044072711155343e+00,7.006815050681630686e-02
2.743586927108011553e-01,-4.388915993057228571e-01
6.565717715396767185e-01,-4.232979233376140682e-01
-5.024705929991617470e-01,-4.439348848650338519e-01
-2.604426455802956175e-01,1.519905753432965856e+00
-6.614337435482006144e-01,2.144940717493806659e+00
-1.497485041948875661e+00,2.170459640232644372e+00
-5.037398053560622202e-01,9.025202919448266359e-01
7.292629693377646882e-01,-4.681374714618495858e-01
-8.999593773389059637e-01,-1.921506891806096795e-01
-6.605808241048787000e-02,-1.985083850352986068e-01
-1.267994311365824744e+00,2.973027094843557205e-01
-1.127657746796579818e+00,-2.859949596579180131e+00
-3.895231892422968412e-01,1.338740480864665461e+00
-6.654313838834182704e-01,1.451339343152004968e+00
-1.449358317211376646e+00,2.087656149037413922e+00
-1.256350369549807056e+00,6.962912040348132603e-01
-1.807178976448600372e+00,-6.452609679010433419e-02
1.209345351247292477e+00,-7.571034149771083133e-02
3.642415087773071547e-01,-1.263999309134102633e+00
-7.165085712460097511e-01,-5.644172545963735965e-01
1.419246169903803700e+00,1.440644213819646691e+00
-5.291585964552867338e-01,2.013416280007311876e+00
-9.940994602848829409e-01,2.363796271157145856e+00
-1.713264076039304307e+00,9.324055445490115890e-01
-1.025081228118471355e+00,4.281676156828192470e-01
-1.942759254770260569e+00,4.536347611043016204e-01
2.622561659522518740e-01,-5.522026391637177012e-01
-2.028742563545782751e+00,-1.381910318879824073e+00
2.350906437499102886e-01,-7.910691483557872328e-01
7.044883689888181699e-01,1.201185179174682816e+00
-1.049174443694051551e+00,1.780390475149760565e+00
-2.619314888162539656e+00,2.421554076983700288e+00
-1.142384038997017015e+00,1.948683206298024606e+00
1.093405375544117986e+00,-1.034600345558448264e+00
6.791372059552740481e-01,-1.363132741196655617e+00
9.235339866366948369e-01,-1.481826065755684096e+00
7.491921196079698309e-01,-1.910193558468384456e+00
4.917089647686593845e-01,9.552915110895304762e-01
1.973292528169807936e+00,1.459148613693354690e+00
-6.587845401523761968e-01,2.785172085949644938e+00
-8.312789804037736818e-01,3.276565278480449095e+00
9.262654015166027488e-02,1.795261212809254214e+00
-1.002188833743731022e+00,2.943058429013075905e+00
4.580156028164956261e+00,-2.166533916960848405e+00
3.526257614100661186e+00,-1.562714254768933664e+00
2.089404893248909545e+00,-1.503877385031865188e+00
3.587065090363798503e-01,8.431437775513666022e-01
-1.166502959773424164e-01,8.451555474586504024e-01
-4.504588302890141782e-02,1.801997107061448888e+00
-1.361076155362067830e+00,2.151712407759173384e+00
1.556736458800841882e+00,-6.307071046099678169e-01
-4.644772830008259135e-01,6.336554920285819570e-01
2.914574848036744492e-01,3.219438595194310526e-01
-7.248061087242930745e-01,-1.398075661053134189e-01
6.740598639970931671e-01,-2.214341445531520236e-01
-8.658397323123303568e-01,-8.997571861220323708e-01
8.854486920129652772e-01,1.399081510588830124e+00
4.986995980246650140e-01,1.164371542266263049e+00
-1.378554588509523393e+00,3.109152793263957548e+00
-7.790526832238811039e-01,1.022301389331335741e+00
1.316979691251150664e+00,-1.091531751283995488e+00
-1.036028470706584770e+00,5.040096437272928442e-01
-6.801183191212288870e-01,-9.236729041139160046e-01
6.597593568752024851e-01,-7.271222263346373005e-01
1.031313930305916671e+00,-1.316343151568986736e+00
4.182802049693752910e-01,1.204777256564260712e+00
6.979558503809665804e-02,1.166341110111069446e+00
-7.218416610219712259e-01,1.735722643276589094e+00
-2.024299738715242380e+00,1.983790158568192741e+00
-2.063742094567786900e+00,8.332885414221606890e-01
-1.334399539793050149e+00,2.424170674341625253e-01
-9.607889143275974986e-01,1.560926245821075975e-02
-5.791297613645972620e-01,-9.102915512187880198e-01
1.272845560968986212e-01,7.136461283845713099e-01
1.262530898549441449e+00,3.201641316936478354e+00
-3.674425408194014198e-01,1.705839154861467089e+00
-8.101302589140706445e-01,2.356385386135156246e+00
-1.422157434221277050e+00,2.859635800139607387e+00
1.881621524419997638e+00,-1.777936285291053409e+00
-4.393134829231765126e-01,3.138982276320812836e+00
3.063841177225671508e+00,-2.649412594028852652e+00
-1.258844761637596954e-01,-1.369372248219392851e+00
1.224271919291142874e+00,-2.946606898716859657e+00
9.629336934711540952e-02,1.297262880487977998e+00
-1.570700958116485246e+00,2.770670706494173352e+00
-6.768005065404231191e-01,2.095956193604469497e+00
-1.118181895540386162e+00,5.326633153360715855e-01
-4.753197053670193961e-03,1.254847105587451495e+00
-9.857606005992238796e-01,4.078134610098378965e-01
-1.992380471297329203e+00,-8.689612495033979256e-01
-6.526170467413044962e-01,-1.517657546866990392e+00
-8.746283245089117031e-01,-1.319037177182214027e+00
1.217598812115411988e+00,1.501432538341661127e+00
2.028506527973170104e-01,1.749093651743759192e+00
-6.947348778908665201e-01,2.436545611767870767e+00
-5.125132405766612553e-01,1.948968909305908159e+00
-9.170315990699133835e-01,6.515884575234391907e-01
1.094106344755341187e-01,-4.884527839871583565e-01
6.088959614202484882e-01,-4.754275309473407485e-01
1.422838376600055410e+00,-1.816606582628423228e+00
6.803331248428916567e-01,-2.329231159484218328e+00
-6.357444217402739017e-01,-6.542702344007351734e-01
1.427266283085301679e-01,1.035093017790505998e+00
-1.681683827955090804e-01,4.043579490971833668e-01
5.028677616862936572e-01,2.183744983801498840e-01
-3.011512327550721069e-01,2.920138171429620955e-01
3.573793760873320569e-01,-2.696945184506934767e-01
-2.178993895571151640e+00,2.415645470913223292e-01
2.404682474858807595e+00,-1.012832559125603105e+00
3.530050458895743204e-01,-1.019607347777107043e+00
3.418970392672767145e-01,-1.228531793833199659e+00
1.234625840550096498e+00,1.361137429700020718e+00
3.228143769641565464e-01,1.790244043464010337e+00
-3.727864940980060160e-01,1.552339843296889565e+00
-7.210874657194842330e-01,2.081552675814326125e+00
-1.806982480451033934e+00,9.286403682099739765e-01
-4.974787799577772285e-01,-9.634291582073573057e-03
1.638822113846905015e-02,-3.991207077474243636e-01
1.660732266245010802e+00,-1.177175491308448230e+00
2.517890406669922587e-01,-4.489300267339829675e-01
-1.701516115847953869e-01,-1.076782107171470493e+00
8.310140746230807451e-01,1.550116854986574033e+00
4.954048521081545475e-01,2.800514301013767415e+00
-1.011200884119650700e+00,1.171478263127139430e+00
-1.408376239962983334e+00,4.457510324950467173e-01
-6.921632225648935433e-02,-5.855746918500805975e-01
6.469976208752317159e-01,-7.641581961843697535e-01
4.233507516686135230e-01,-5.829743282047699093e-01
1.359461899917102645e+00,-2.077576715366730387e+00
-4.259778004267977258e-01,-4.331148859950733621e-01
-1.133604672487188880e+00,-3.737679117785716265e+00
3.237875851139943584e-01,8.295196763869174816e-01
-7.951728288782335952e-01,1.598606843803617394e+00
-9.729583359669645715e-01,2.418978404363483659e+00
-4.421746477650512763e-01,9.894561045814512790e-01
-1.071271021659081724e+00,2.178811421131592319e-01
-3.978541456367611362e-01,1.416179660005950358e-01
-7.621301735067729233e-01,2.709231135511641630e-01
-1.434149076398817613e+00,-2.725331867406200620e-02
1.020558494479026246e+00,-9.833461435902586256e-01
-1.026484029914279117e-02,-4.336350277842798695e-02
9.382472185953419919e-01,1.126386596306325094e+00
-2.376785235851607003e-01,1.735246363787091184e+00
1.495430145960716106e-02,1.741620576078604543e+00
-1.188492264960908207e+00,9.745396508600359109e-01
-4.748636254606518059e-01,-2.963284015459741738e-01
-8.012844478611876875e-01,-4.031983043461299654e-01
-2.395440012689535880e+00,-6.277316695386397916e-02
5.154753930118223249e-01,-7.574249963218701032e-01
-1.895976098015530908e+00,-1.115358767203468604e+00
6.031731882153822388e-01,9.013136350630537308e-01
-1.045924718350602911e-01,9.756953315448385622e-01
-9.909060085733089052e-01,3.440313573702109995e+00
-9.521917578036642738e-01,1.826254571199363852e+00
-2.047306639261279870e-01,7.040109355970264327e-01
-6.869231720829378496e-01,1.305035379192899248e+00
-9.356895885400984270e-01,-9.318836864076739113e-02
-3.586545852723025396e-01,-3.611781675771327249e-01
4.220685269551482932e-02,-2.281885674085083693e+00
-5.711754726883602196e-01,8.640302487582002255e-02
6.207196504268661652e-01,1.170395575981976410e+00
6.349564155608972138e-01,6.896208706311158787e-01
1.357307032212089482e-01,2.153836418022062826e+00
-6.836446188295357551e-01,2.011469844481962976e+00
-8.863081638936972650e-01,3.182982900099384227e-01
-1.559679740470876652e+00,2.941765950165073917e-01
-1.321142021019377388e+00,5.582894931613518671e-03
-8.027970465053266835e-01,-1.064098024202777104e+00
-3.263332682717201561e-01,-3.050924527555796684e-01
5.331766426639222844e-01,5.668488072480881712e-01
-2.549509387724689380e-01,2.513384737907950583e+00
-4.063218541209499546e-01,9.036189222170324387e-01
-1.968533674379328247e+00,-2.261148679345279522e+00
3.492734031710906240e-01,-1.400138073046240716e+00
-2.013242337661946380e+00,1.276884819510038516e-01
-1.426537652134294065e+00,3.052976194172757340e-01
-3.952611221715127132e-02,-5.361594465969584666e-01
-7.038278214070231575e-01,-1.271111183075781081e+00
1.354547857003217892e+00,-3.776497359639940932e+00
1.591805749693917249e-01,2.323543065804460905e+00
-6.431783636693272355e-02,1.902400974039253789e+00
-2.573145566566624187e-01,2.029312611259008747e+00
5.296748397469895620e-02,1.966385578289056690e+00
1.317627632098420598e+00,-1.268068077685854611e+00
5.199192374357960444e-01,-2.129578350104930795e+00
9.046788986094296270e-01,-1.995888776439278756e+00
7.111788489801941227e-01,-9.701674409558300738e-01
-4.482258284704317974e-01,-1.275397898753907189e+00
-4.216840448821836951e-01,-5.905841736879816617e-01
6.682182070204026325e-02,8.797541017115316775e-01
-7.601901707001569308e-01,1.484464664365414022e+00
-3.676524981584253227e-02,1.465418737753520606e+00
-9.012877000611054790e-01,4.852317888005538427e-01
-1.189733316735383184e+00,4.183602315768418789e-01
-1.433436827105338152e+00,-8.272192899851368297e-01
-2.132239727256641793e+00,9.309521624171912535e-02
-2.015381227120736085e+00,-2.745840626401954143e-01
1.918735307182452665e+00,-1.128382192547795926e+00
3.487764864865721126e-01,1.160722427526861500e+00
9.133256059851993514e-02,8.221807118247619339e-01
-7.884239977211482397e-01,1.300594453754581492e+00
5.881934413483881352e-01,-6.248210405817195001e-01
-3.207956246235171838e-01,3.141451364128237944e-02
-1.073467219267870920e+00,2.203002522371577121e-01
-9.172476324562491845e-01,-5.482581124399911188e-01
5.029176410737981051e-01,-1.158935591670736898e+00
4.240158873481122970e-02,-2.655562053676235656e+00
1.270472984771453540e-01,1.768811227402139252e+00
-2.110308461548257020e-01,2.219367589562818210e+00
-8.871909358201290896e-01,1.148912298248072394e+00
-1.034412178230614821e+00,-1.837584335465599628e-01
-2.361835983650497628e+00,-9.267048809861976322e-01
-2.433485089684392089e-01,-9.960887611208530945e-01
-1.665019009683581075e+00,2.434814627904987594e-01
2.208912683026912627e-01,-9.024378035493351158e-01
-1.570688306098394715e+00,-1.800039982250945192e+00
1.237642618517123816e-01,-2.279705503206225892e+00
9.335141759767056069e-01,1.184358514865215595e+00
3.458425605092002586e-01,1.663114915777211156e+00
-2.344461885737891826e-01,6.591605123001598177e-01
-4.881268631574965378e-01,1.620983656450135646e+00
-4.546905971693142035e-01,1.677060840184385171e+00
-2.199862340092766932e-01,3.161455582300351619e+00
-9.228490892810049528e-01,1.001971918423800068e+00
4.408973758698699896e-01,-1.676694547177597805e+00
1.602946252378218528e+00,-1.081373022124403116e+00
-1.369009453830313805e-01,-5.608358982688441685e-01
9.640429707355830935e-01,4.159955106550251580e-01
1.682398150133095349e-01,6.489174390067355969e-01
-7.438725474899124945e-01,2.330247123972050804e+00
-7.841014192811583960e-01,1.629729118281325384e+00
-2.768828500931719283e-01,2.063024964925951887e-01
-1.648535723582523538e+00,1.714486447424136695e-01
-8.319885477547124264e-01,-1.037637388520380594e-01
-2.079872590816523648e+00,-3.618107762614672929e-01
-6.891508526616729746e-02,1.017131866681643959e-01
1.025917105370647731e+00,-1.965574679444714423e+00
-7.597324289361891136e-02,9.966339030469519855e-01
-1.122634573739338837e+00,2.823903409080611215e+00
-6.753215156980985068e-01,2.712648764388132960e+00
2.756318755459530312e+00,-1.878610812399486907e+00
7.764025752318095552e-01,-1.074657222715063698e+00
-1.529231042528657936e+00,2.758093711943807036e-01
3.382140386051477599e-01,-4.495673745588551484e-01
6.768062847718428476e-02,-3.520137188699457464e+00
3.658892639949052894e-01,-2.561518203958117468e-01
4.114510423576974718e-01,8.576516971132354117e-01
1.122624144575026905e+00,1.197614765225948563e+00
-4.974244037556788678e-01,4.118051302338189501e+00
-3.360715692513948083e-01,2.900902351051398043e+00
-5.346063083971815955e-01,4.386512349492027174e-01
-1.315355776058094062e+00,-3.721607835796084118e-01
-3.006729348174196348e-01,1.916609542244968878e-01
-2.800166332519776979e+00,-3.526802433748194021e-01
1.093965820278302442e-03,-6.242029630595142820e-01
-4.658375060134376522e-01,-1.675192107152671417e+00
6.793269103678041265e-01,8.123139387883238083e-01
-8.056236487504967458e-01,7.784963405160872929e-01
-3.762685070953911692e-01,2.291120078377723690e+00
-7.244882630824137637e-01,1.186820036800364075e+00
4.275782632446983866e-02,1.123098210101392214e+00
-8.441611348535187354e-01,4.221127510799452254e-01
-1.207519271870240107e+00,-4.389142540251884106e-01
-1.222917836537503078e+00,-6.194832869248682039e-01
-2.759792189616742775e+00,-1.828157432090138923e-01
-2.852577527329788198e-01,3.802862041122698211e-01
-1.027211016236053931e+00,2.396313799552074464e+00
-8.202721287984922061e-01,1.857557126684770132e+00
-2.397018182625972327e-01,1.040282543389714931e+00
7.713258108434843940e-01,-1.714259758110267429e+00
-1.405663906340542502e+00,4.614758953744677594e-01
1.124505579107230924e+00,-9.107009265583891899e-01
-2.017805418274707385e+00,-5.041784995596563235e-01
-2.633066101728990804e-01,-1.222232664871762742e+00
2.878284295991473840e+00,2.513650255353070406e+00
2.989646454509536699e+00,-5.031779320274593070e-02
1.532182583136947773e+00,-5.682746651753026179e-02
1.117644007427917252e+00,-2.205233538234674384e+00
1.283540818017760543e+00,9.692754331268882417e-02
1.772258854924881666e+00,-2.481632564588805989e-01
6.436043739604337954e-01,-1.276107819698516499e+00
1.153625752067837684e+00,-4.016889442662940013e+00
4.997009189626595016e-01,-1.859341625876766768e+00
1.725156176056810153e-01,2.515577165449801589e-01
8.809498568945185459e-01,1.812952215032455072e+00
3.114280218802222056e+00,-1.999767093902604653e+00
1.761091591806829948e+00,-2.984187719914841885e+00
7.531480809155089995e-01,-2.026908943713737976e+00
1.998048898702378784e+00,-1.541188360161394710e+00
2.414683647266971378e-02,-3.716763033957370510e+00
-1.206781661780838566e-01,-8.746436904965215753e-01
4.435080608759460752e-01,-1.606251033200901013e+00
3.999425804535648443e-01,1.120030285243372337e+00
1.947652528378208014e+00,-1.275470202299548106e+00
1.180410930107651746e+00,-1.487580469525918936e+00
8.041433063583403040e-01,-2.089773710554705399e+00
9.436993858856584927e-01,-2.243016164919871436e+00
6.281675819466615573e-01,-2.593016850185829281e+00
-1.791677061664567860e+00,-1.356366746778679300e+00
-2.462457329337545964e-02,2.254811187315907794e+00
6.813415469707349015e-01,6.208954933240985463e-01
2.754781669706083402e+00,-2.156661121747333709e+00
3.139074817000174766e-01,-6.093296399934783336e-01
1.172940188164861119e+00,-1.266127054483360048e+00
3.388258983571822980e-01,-1.882531190723796710e+00
-7.592483828560231407e-02,-1.400006285876423062e+00
-2.166408889326854603e-01,-1.091520638841847912e+00
5.534330677936497023e-02,-2.135377485208264314e+00
1.987394128683463768e+00,2.222353644257146321e+00
1.703417386634741071e+00,-4.150273449678386073e-01
3.881262738621776176e+00,-3.045761081353495658e+00
1.967282151648631849e+00,-1.847468386829530962e+00
2.454705004174405403e+00,-1.677545208782520003e+00
5.315801879731505419e-01,-2.057160126043067638e+00
-8.559943953509979719e-01,-1.415191931793918778e+00
1.449020646550157054e-01,-2.732536231097907109e+00
6.220523202222487669e-01,2.065608035659480812e+00
1.806316539606418692e+00,-2.275653444041434437e-01
2.175882936932476142e+00,-1.115815553427161655e+00
9.376472250819996024e-01,-5.340531457462051046e-01
4.654536059103879797e-01,-9.046508742041148299e-01
2.342784636340206061e-02,-1.975202672283189020e+00
-8.997901293647436738e-01,-9.800676736007011280e-01
-1.018680461354368072e+00,-2.130195955243607830e+00
-7.356256188204903790e-01,-2.368766070540588853e+00
1.609058761526363790e-01,1.258509485846798892e+00
5.569480215699849079e-01,-6.533720720821546424e-01
2.056024592465938383e+00,-1.415346059142588375e+00
2.208102013247221329e+00,-1.140609607307606854e+00
3.145943154487743643e-01,-3.012994160623723161e+00
-4.690115790350193881e-01,-1.467924281070175585e+00
4.900407650402181514e-01,-1.915804449636854701e+00
-6.195497486806039733e-01,-2.208620519261661475e+00
9.974874906410383102e-02,-1.110936476679981411e+00
4.994991512874702444e-02,6.329871745708951503e-01
1.276867301491838358e+00,-5.243323272350237652e-01
3.437185329109424980e+00,-2.405351349721955412e+00
6.752742339160980323e-02,-2.291322395924091093e-01
-3.227968925744378881e-01,-3.038515389005627565e+00
4.565791893583970307e-01,-1.119275994588577072e+00
-1.539412535623476019e+00,-3.146750378599456166e+00
7.255536725712825596e-01,1.951801992756362347e+00
6.985401295335654792e-01,2.174308655473494500e+00
3.715066610602325570e-01,9.790942426368283158e-01
1.690330562151102223e+00,-9.597649421886155219e-01
3.925696745377542207e+00,-1.661390913043848228e+00
1.509565942899011803e+00,-1.837938817531421742e+00
-1.047899741211591185e-01,-2.449323689152991701e+00
-4.094610558999016159e-01,-3.516336750388289190e+00
-3.289964249106253069e-02,-1.100765156681310586e+00
1.207548852577416065e+00,1.595440714159862550e+00
3.236625312103350804e+00,-2.432818981763232191e+00
2.802785527352822825e+00,-2.005420197800881432e+00
9.365682570158497811e-01,-1.161473416122827951e+00
8.098713556185660467e-01,-1.820528391839955962e+00
-5.286045400679678652e-01,-1.765666607808723532e+00
-7.029838373336785295e-01,-1.478526607178639374e+00
-1.085406511364987558e+00,-2.970859658853317598e+00
9.990826032418022029e-01,1.403446028417716596e+00
9.102676984120504633e-01,-8.959181150626580603e-01
2.431840985318377335e+00,-1.449587025041589206e+00
-1.006551149122756617e-01,-4.664374279332273443e-01
-8.990233903784613512e-01,-1.139779967001496530e+00
-3.761026578474872539e-01,-2.607467465432506959e+00
-2.832086673097833351e-02,-1.779797345420375265e+00
-5.015658735370963628e-01,-2.737817824103934150e+00
7.291025407343482145e-02,6.422457966127311790e-01
9.091778485551901268e-01,-2.180999114513397508e-01
2.171613346317452287e+00,-1.462274352932636745e+00
4.140382574588585274e-01,-1.473716383374504835e+00
-3.640587553094544182e-01,-1.149179074571919479e+00
-1.096177653118621254e-01,-1.419502197810108779e+00
-1.993450186540910718e-01,-1.316423123656423000e+00
-5.084706199723315612e-01,-3.677526579266285456e+00
1.126912109115034422e-01,1.561080881081147176e+00
-6.763552055761700155e-01,2.234148508313411163e+00
1.804632277809980812e+00,-1.674711314346317037e+00
1.458842787792099527e+00,-9.433424767911375852e-01
8.566325148216903385e-01,-8.257880068601282098e-01
-2.541537566364849177e+00,-1.976432295489258140e+00
3.414295781114353723e-01,-1.322903514797553415e+00
-6.328434247202401053e-02,-1.264154746300297338e+00
1.862886290206648421e-01,1.450229837772544661e+00
-2.835421728877796088e-02,1.404403128545836266e+00
8.387593091262912637e-01,-8.878875870755759125e-01
3.652788788465035630e-01,-1.451629206101890057e+00
-5.876988105781937310e-01,-2.117663707233171877e+00
-7.878112792169475465e-02,-1.961342146883057636e+00
-5.197969150626460255e-01,-1.818085760135681683e+00
-1.493415227672640011e+00,-2.326871745593201535e+00
6.069383178082188302e-02,-2.210766362608735047e+00
-1.524922041258491401e+00,-3.671196029802829219e+00
-1.306625473727105469e-01,-1.641370669937674220e+00
-1.202815747263896173e-01,1.411367212191590337e+00
1.329929157330589085e-01,1.817181389978924422e+00
1.793574012926274719e+00,-1.247610586677089461e+00
8.326031092490714380e-01,-9.531302890203952050e-01
3.188797828261374923e-02,-1.962450278335448495e+00
-8.384967967382406240e-01,-1.492429569704498027e+00
-9.063103712227923436e-01,-2.805682318076595294e+00
-1.099987244225257177e+00,-2.533051003668277623e+00
-1.183772886412769010e+00,-1.589063425793367568e+00
2.798515023256626044e+00,-4.346907067434051086e+00
1.293350764303453637e+00,-1.045070992810807065e+00
1.318313176397084285e-01,5.421616781329654522e-01
2.241088897315068884e+00,-2.031388025281438026e+00
1.983647693490024011e+00,-1.383709012657758475e+00
2.507635457575826621e+00,-1.893449044069678733e+00
3.428753520223268292e-01,-1.950164636942317342e+00
-4.730857984901944979e-01,-1.827708460909916344e+00
-1.285771050130632309e+00,-2.566807134202588880e+00
-1.231116194006992348e+00,-1.968405454925616915e+00
1.239552298623072035e+00,9.755174103056978296e-01
8.144630238993217919e-01,7.293703409306576679e-01
7.501746579447847729e-01,1.168666046344693621e+00
3.936832539364615080e+00,-2.988225919080817583e+00
1.211206086603459298e+00,-5.026424915338927324e-01
-4.687928793187280396e-01,-1.804293344132975374e+00
6.836425050248896573e-01,-1.990839351748045827e+00
-4.847821985985256155e-01,-1.980378284713653736e+00
-6.330782814690717464e-01,-2.292915073764624889e+00
-1.323406740099697831e+00,-6.255187152030059483e-01
2.254251109882368986e+00,-1.239968771762101352e-01
1.613255729069605682e+00,-9.856566344810329117e-01
1.794331405570819271e+00,-8.323258846710618331e-01
-6.718715896669286147e-02,1.735348301034491114e-01
3.050022758526186317e-01,-2.752005056515820058e+00
2.174666575274751545e-01,-3.197667921443565930e+00
-2.714357374912585552e+00,-2.039310095813523738e+00
-5.449212601547752666e-01,-2.764941272622334356e+00
5.891549685272945425e-03,7.729230007792707857e-01
1.249032188078863292e+00,-2.531539709615560074e-01
3.530074121460160086e+00,-2.002577730205274076e+00
1.203965103909016898e+00,-8.230328600466521038e-01
1.358402145783872195e+00,-1.989957714146078249e+00
1.436375700351408546e-01,-1.780707051487330439e+00
6.858745215072278856e-02,-1.879437714368747070e+00
-7.225808554216817114e-01,-3.018010148079676824e+00
-8.220422563113158887e-01,-1.294489977389169155e+00
1.969111045282988304e+00,7.575611085686819735e-01
1.198752297454792393e+00,-6.402093907274838402e-01
2.159274404457723229e+00,-1.072120354962426525e+00
4.426014041340702310e-01,-1.791031500074983462e+00
-3.205172782668896936e-01,-1.175210588391952582e+00
3.330588296643179347e-01,-2.303091103074847990e+00
-6.133281539658053116e-01,-2.614662329456481693e+00
-2.364218475631636451e-01,-1.606993039791055899e+00
1.449005708208245258e+00,-8.532678577469425818e-01
2.581874066390641875e+00,-6.131958978501331758e-01
2.271322617679166989e+00,-2.608268277780921185e+00
3.043610164018661912e-01,-8.087873999370124301e-01
-1.431780926546689425e+00,-2.367295927261005239e+00
6.875722294082120545e-03,-1.997264400297217524e+00
-7.225410080873879703e-01,-2.401416208068986258e+00
3.836198118282224900e+00,-6.537078442584108862e-01
6.650532750829186712e-01,8.515724350626523442e-01
1.057879070414194489e+00,1.967185829076441239e+00
3.191951447025878519e+00,-9.387935592724372391e-01
1.014485020271435500e+00,-2.365199859987021647e+00
9.845179230764727896e-02,-1.966823752853858132e+00
5.939915355978936384e-01,-1.529742130866526439e+00
-4.331133102270324220e-01,-2.525699326958763535e+00
-1.907898579228986535e-01,-1.260326991942627650e+00
1.021465945669202569e+00,1.432834558654658252e+00
-2.355156839408815983e-02,2.393524894291387817e+00
1.986904872699754465e+00,-2.107136627193010536e+00
1.668954905137738809e+00,-1.051192267898668042e+00
1.151879602464951580e+00,-1.678082292625877825e+00
3.283709221891112362e-01,-1.416511987764814240e+00
2.100523526606994928e-01,-1.828321513195765524e+00
-2.462015291158658192e-01,-2.220229063992448904e+00
1.182697974412953990e+00,-1.004597260182847007e+00
4.273713600189110728e-01,-5.936356098595230169e-01
2.824184138384433496e+00,-2.227212294798030179e+00
7.830050862038133719e-01,-1.333204210560393399e+00
1.403640223760550310e+00,-2.801099058743465875e+00
-2.628585216827857007e-02,-1.737040596005088755e+00
-5.355260417012042140e-01,-2.519223187279547194e+00
-1.333043955732222008e+00,-1.946414836517911695e+00
2.990441545457626082e-01,-1.768470240494433687e+00
4.383844628825182554e-01,7.623972580054303450e-01
2.468931930133791308e+00,-1.916814862540203279e+00
1.470163086419816967e+00,-9.226048289466370900e-01
1.160818680032245309e+00,-1.071423841164813151e+00
-4.107850000702878424e-01,-1.168401127344197876e+00
-4.550904708461261938e-01,-1.269701254034570237e+00
-4.492803688139065943e-01,-1.820419980015132388e+00
-4.429396759426556390e-02,-2.639130401152650851e+00
7.892454080045505638e-01,-2.674697496237693262e+00
2.929750429143481938e+00,7.251608341828896798e-02
1.954967207888483882e+00,-7.504029091106678706e-01
2.955275668578186465e+00,-2.466060418191649006e+00
5.033635524859099153e-01,-2.458862161930684298e+00
2.273370749017824544e-01,-2.125568201205985108e+00
-4.003399650417126532e-01,-2.493969449640627278e+00
-2.225174096895447817e-01,-2.097534542480740782e+00
-1.168908968784877489e+00,-1.941805889346477576e+00
8.818323484331358486e-01,1.467712909342383298e+00
1.046980117585439407e+00,-3.072618865541131283e-01
1.965171272637482591e+00,-1.125590311760210849e+00
1.196523239335721689e+00,-1.068038872334005518e+00
7.628460269068485511e-01,-6.943323622368060555e-01
-6.423665878800279838e-01,-1.781717796020021005e+00
-4.837165761880651838e-01,-2.319409696924931374e+00
-1.947093966818675970e+00,-2.120695597164784285e+00
2.456944556614755193e+00,6.285114864334298002e-01
1.875268152584470993e+00,8.209765151973749120e-01
2.518199923373697136e+00,-9.423504240465940818e-01
1.133971363425640755e+00,-3.040622365037365160e+00
1.354561057340998742e+00,-2.884852121068166575e+00
8.267937203327457851e-02,-2.381907696359623738e+00
-1.181598384157017123e-01,-1.488378785156591277e+00
-1.337421973053968260e-01,-1.837112671098231953e+00
-1.134471646680732304e+00,-1.959225514286058845e+00
1.561009063721014334e+00,2.328569412889410550e+00
6.182856780380264761e-01,1.545343755108037787e+00
4.372310656904121906e+00,-1.346152870965439119e+00
1.425390444272601087e+00,-3.729981681173561547e+00
1.680201546284727288e+00,-2.434011057272017275e+00
-6.108753207560634335e-01,-2.591608926528927270e+00
7.044281303382851078e-01,-2.614283812553125586e+00
-4.117646452066303642e-01,-3.110977761177649015e+00
-9.111613783269660871e-01,-1.897268663512155618e+00
-1.028598776316056007e+00,-1.432280626373694465e+00
3.015099214264481908e+00,-4.237158065310533406e-01
4.144888592718996456e+00,-1.324955831137477835e+00
3.327000273119540275e+00,-3.062552586721945413e+00
1.074130862929193242e+00,-1.843691871674805860e+00
3.729970272882573989e-01,-1.870421328857830412e+00
-7.379242995427889307e-01,-1.984497265003142497e+00
-1.139501390187003249e-01,-1.591244860995128851e+00
-2.176194611320244610e-01,-1.729294314727420012e+00
-4.230442438641861536e-01,1.794865377884547808e+00
2.404494259462671479e+00,-1.733412346563641515e+00
1.797916727788733349e+00,-1.272325387946970254e+00
5.610429601271371691e-01,-1.885371422202102965e+00
3.204961174667777524e-01,-1.105554303403031513e+00
1.045365764138117548e-02,-2.112724187251444175e+00
-8.506096483462590729e-01,-2.505848103472791522e+00
-3.349136283920335355e-01,-2.322429278658212137e+00
1.171062143450203097e+00,-1.311090991602934741e+00
1.557663213930020385e+00,-8.700789618283387705e-01
1.874418924878576753e+00,-2.335240228141417518e+00
1.720419127701045880e+00,-1.917161059692561675e+00
4.288961414789536630e-01,-2.464461317795154205e+00
5.978451580877828242e-01,-1.198542798047924407e+00
-2.653490475396806936e-01,-2.708471949494628994e+00
-1.162466827387226509e+00,-1.506401878060933619e+00
1.423120695841953109e+00,8.750412430910909922e-01
2.834278978783527636e-02,1.422575378504681298e+00
1.365023312894217744e+00,-5.785455140033708421e-01
2.346989436838763599e+00,-1.999198383072051000e+00
1.987960676126461435e+00,-2.043670893543075628e+00
-4.102959936186750117e-02,-2.906853184691633007e+00
-4.550003972619435233e-01,-2.900271546552160906e+00
-8.983771613668685152e-01,-2.349232477480456716e+00
5.403797825054681425e-01,8.224532768668996185e-01
8.468228934569674848e-01,-5.855165811637374346e-02
3.565172005162676960e+00,-2.571537870878151999e+00
2.549061161670738596e+00,-2.376627914755592208e+00
1.333967817876351436e+00,-2.120791738348883904e+00
-2.803181037896682049e-01,-2.920475031485887829e+00
-1.851221023187388237e-02,-1.446774124241358983e+00
2.218561404505308421e-01,-2.218882694108908815e+00
-7.004712416915717110e-01,-2.043966941202898013e+00
4.118978886431581277e-01,1.307526406434941446e+00
-5.422474063909931141e-01,3.805776171806947716e-01
2.860454514544458426e+00,-2.056744130097113654e+00
1.801165315323328020e+00,-1.684732375721466946e+00
1.536904568433358875e+00,-1.172220361474414219e+00
3.557873137774272276e-01,-5.635848439562070045e-01
2.742254738034350381e-01,-2.105916733875825564e+00
-1.458450456851317689e+00,-2.426610964007842153e+00
-6.086956218656824902e-01,-1.210434745762742903e+00
2.717907161574959485e-01,1.044259999741835587e+00
2.962119047378708805e-02,8.893340492421650811e-01
3.536033478564347465e+00,-2.021133900127811689e+00
2.419372172578436064e+00,-1.818005482958886754e+00
1.114693622643370574e+00,-6.912685664938135188e-01
-1.253705438965305285e+00,-1.043493904285450302e+00
-1.073260772171815036e+00,-5.841728180377320223e-01
-1.879880626490027518e-01,-7.127891886622562678e-01
-1.769359219848810172e+00,-1.132186903763316099e+00
9.036098830480335797e-01,5.117489883566666009e-01
2.829810087671327246e+00,-1.630557972858113880e+00
4.831178278810684290e+00,-3.323797854145593256e+00
9.807182676388531695e-01,-8.834519301638135147e-01
5.196183099882978329e-01,-2.535478394049284656e+00
-2.054452514779573580e+00,-2.031787982351215494e+00
-3.536242669559723772e-01,-1.090392140294395462e+00
6.560692445957311270e-01,-6.017966880008662756e-01
2.406479002776642506e+00,-1.550620702991601929e+00
1.892386600286434462e+00,-1.248378233996574105e+00
2.890447090926231866e+00,-1.669268949512952460e+00
2.732853093561812940e+00,-1.937591140642680010e+00
2.181433773184741742e+00,-2.542996523874279102e+00
1.487044336355063834e+00,-2.511662294737395218e+00
-4.754928797749147229e-01,-2.555961247261136826e+00
-4.063052254860727297e-03,-1.286941118792958472e+00
-1.441942996122428600e+00,-2.522125902701103595e+00
-1.188880380830731553e+00,-1.997384317876210513e+00
2.489257312531282462e+00,1.690874870432627741e+00
1.609530674640725856e+00,3.086616046537387081e+00
3.249993081636904257e+00,-1.585603116977032823e+00
2.445008421148977540e+00,-6.488487423760460615e-01
1.565341002564321293e+00,-2.169363355383044922e+00
-2.095409507562933649e-01,-3.211668104935586854e+00
1.789792871679671271e-02,-1.831900250885938108e+00
-2.081538906486838925e-01,-1.842244748795726528e+00
-1.496221842762725407e+00,-2.834504443972048815e+00
-5.415104410609807850e-01,-7.957644521733798770e-01
-4.666531112475705290e-02,1.081146335502247036e+00
8.256691290841289277e-01,2.080448217123512133e+00
3.715293842679682434e+00,-2.187302714778406987e+00
2.123664023407405121e+00,-6.469719709059215118e-01
1.178115720977044756e+00,-1.762092679714014176e+00
6.269322846326987886e-01,-1.809013575504815563e+00
3.379873905189728078e-01,-3.468935679317957099e+00
-1.422396125842091408e-01,-1.895859163387604296e+00
-5.569367223634562603e-01,-1.439496154904042813e+00
8.443816604403809878e-01,1.284659614056500532e+00
2.602311907056916063e+00,-1.223099341353887759e+00
2.962439991866959055e+00,-1.694906656253840183e+00
2.298312508122767994e+00,-2.037536112300821323e+00
4.408043246544670613e-01,-5.842267051778637921e-01
-5.518363339107834609e-01,-2.705766161206215159e+00
-3.275268739418392139e-01,-2.415717275815846055e+00
-7.827978407631059898e-01,-1.879842355233717566e+00
-2.856393833108113456e-01,-1.382683187129621905e+00
1.167270135642840323e+00,2.837649337312608822e+00
8.488302326263249542e-01,2.051139460556713257e+00
3.537966749026968394e+00,-2.541698420651558710e+00
2.649188988694075153e+00,-2.225317246343973654e+00
1.303294812159763838e+00,-2.761902480045277830e+00
4.694580193764089082e-01,-1.601453456767955252e+00
-1.112894125247990473e+00,-1.072616086803211743e+00
-2.905381604344292046e-01,-1.037502157782919765e+00
-4.582258698458619994e-01,-1.337348351603029561e+00
2.887667051523042261e+00,-4.515538383560397939e-01
5.189686092097293368e+00,-1.430570310764339936e+00
2.641922472148928946e+00,-1.480998417004212087e+00
2.087678581296172453e+00,-2.248045175649560079e+00
-1.106719236833224151e+00,-1.257975223173933177e+00
9.664682046649659686e-01,-3.156858832146167249e+00
-1.168061001791167897e+00,-1.620256455455252986e+00
-1.283575268296747174e+00,-1.539213045998530704e+00
8.804363766988249074e-01,1.718544539722431264e+00
6.553649437213923123e-01,7.065577943496044178e-01
3.315821311964758156e+00,-2.054719952727306342e+00
2.220274992829304850e+00,-1.220812686965012661e+00
1.113004097387461755e+00,-9.776813079668946749e-01
-9.897120144877381565e-01,-1.998445472102248210e+00
1.548821870187454819e-01,-2.344658400824291444e+00
-1.386160105613631899e-01,-1.381367101333704106e+00
3.734717668018313619e-01,-1.497163194810605891e+00
1.383373123108912472e-01,7.977917908227715182e-01
3.356684471859395558e+00,-2.424970966945349637e+00
2.100793423706578178e+00,-2.226791122484197416e+00
1.984765904336097231e+00,-1.362479506267980200e+00
-8.837028820739266655e-01,-2.197254124648499563e+00
-5.535344837975584298e-01,-2.319387612307463264e+00
-6.217348705205842929e-01,-1.407163346527457337e+00
1.080764311017474721e+00,6.719745542308951380e-01
5.027362429762936846e-02,9.400054610480045314e-01
2.831045745786612944e+00,-2.078244028746813132e+00
1.988536164028835485e+00,-1.948891812965442449e+00
1.061123102765471948e+00,-2.414274044366225613e+00
-2.548142982618771812e-01,-1.942080952878299849e+00
-1.122345824814412696e+00,-1.546150893116168712e+00
-6.794200345136193198e-01,-1.043104149268103908e+00
-1.148852553172261315e+00,-1.799836934237066366e+00
1.720820303442427646e+00,2.463078166301155392e+00
3.195727817963164297e-01,2.968183388261361966e+00
3.098349119470831248e+00,-1.547446221738835170e+00
1.302541048872640550e+00,-2.300488912053331170e+00
5.767555070257739391e-01,-2.016207446354494781e+00
7.545688796994627356e-01,-2.321230285884654521e+00
1.022230206701557620e-03,-3.763552913925084287e+00
-8.080112608004835772e-01,-1.945338989492152892e+00
-7.761578665719348624e-01,-8.647328737344982530e-01
7.938973287028779913e-01,2.001013224314510008e+00
3.178639530957343418e+00,-5.603114024976711960e-01
3.691861661743393253e+00,-1.410741336657656220e+00
9.955698299583921607e-01,-1.152399120469712601e+00
-3.696206005995658628e-01,-2.523866057416583875e+00
3.439662009666378806e-01,-2.663031526236120605e+00
5.636381468076834267e-02,-2.664837373312684221e+00
-1.458407749439831314e+00,-1.380476481915970277e+00
2.308568827868864581e-01,-1.383618741205037361e+00
1.147925321678449295e+00,1.613396225097150305e+00
4.282006747670330959e+00,-1.860377886063921515e+00
1.674073228582052097e+00,-3.315023744559929320e+00
1.617319324011761594e+00,-1.330362127796536287e+00
-8.671841811612669426e-01,-2.598275880524900661e+00
-2.010786068207004007e+00,-2.230858859497165891e+00
-2.023931654703234329e-01,-1.501639106502722143e+00
-8.615323917775347118e-01,-1.333332159269581929e+00
-5.554220431196865704e-01,-1.800326231646452113e+00
1.700694696597581768e+00,8.013568935159403051e-01
3.401971950592904026e+00,-5.888676618147619113e-01
2.923042724859719499e+00,-3.049114867463796674e+00
9.411630981118203065e-01,-1.845831112910096383e+00
1.310370664580444933e+00,-3.232076328309730240e+00
1.528851247783361567e+00,-1.226884189304123574e+00
-1.038952352239544741e+00,-2.021946182119887414e+00
-1.273115329048274846e+00,-1.980709233913819034e+00
1.262192198406254739e+00,3.380644525275332546e-01
9.803317732545266949e-01,3.355983486121628112e-01
-3.916050348662682423e-01,-1.770493047707577539e+00
5.369690608452610814e-01,-9.611557685460033751e-01
4.328349982830517195e-01,-1.893011753168234446e+00
1.284492728299916564e+00,-1.127640809176057468e+00
1.268416476371760027e+00,2.750523633637243504e-01
1.030778670959297871e+00,-2.616611920694196791e-01
8.831998303810731921e-01,2.478983518400046937e-01
6.650668614942889523e-01,4.019730507975780576e-01
9.732193364375636424e-01,-4.951605961130899347e-01
1.715256328416053355e+00,-1.829219555465482483e-01
1.411410981351589600e+00,-9.129964464386466361e-01
2.777558334073754187e-01,-2.862555047746061510e-01
1.405830029958919924e-01,-2.369127559816379125e-01
5.564644361420181817e-02,-1.753029061566082486e-02
-1.126365754917205031e+00,3.379923489429246808e-01
5.001339847451427567e-02,1.050234435261138799e+00
1.110373525554029017e+00,-1.956895389138274544e-01
1.112555831478906576e+00,1.829522862324045596e-03
1.730308247484884321e+00,1.310291693440051863e-01
1.966062724142499274e+00,-7.767623078304159989e-01
1.025969819415039286e+00,-7.155268446151047401e-02
8.196668576917941207e-02,4.299186994792694172e-01
2.281749162059548697e-02,1.906632112375080124e-01
1.379128012579556861e-01,2.191618755139201347e-01
2.191624801517784604e+00,1.458663559114090069e-01
2.353934194886981413e+00,-4.529942981672639979e-01
1.373624964766384071e+00,-3.793761851614383951e-01
1.261937265776111428e+00,-8.012017852282011798e-01
1.604787547306821383e+00,-1.328909648097674978e+00
7.958529356470001037e-01,4.305898481500239905e-01
6.083695130511257432e-01,7.651610737568048659e-01
3.631392916921751812e-01,1.923154302329586618e-01
-7.468429563320140296e-01,2.222934084204289673e-01
8.544233645007071054e-01,1.546125332628054405e+00
3.017475327342487468e+00,-7.927383574198026972e-01
5.512282012481056759e-01,-1.387044996605207581e-01
5.667614936802010117e-01,-2.158773402501711347e-01
5.860561546004556810e-01,-2.849154992272878162e-01
5.588276876195494847e-01,4.904033632073673266e-03
7.508345994989139571e-01,-6.168969442605036768e-01
5.621581092990309836e-01,1.977782223646633031e-01
1.012619718687264525e+00,2.015836142034334033e-01
8.452985655248781427e-01,-1.886953082919267666e-01
1.492373737562415092e+00,1.217734234474983912e-01
1.044266531954911148e+00,-1.639476449226768828e-01
9.736372702120987821e-02,7.538683462973932992e-02
-2.894875526771096413e-02,4.687209880971575648e-01
2.129391440886751752e-01,4.361920153025442559e-01
9.211877359376929864e-02,-1.031902396079890538e+00
-3.751950449283918410e-01,-2.381310981502839930e-01
8.701395533623540457e-01,-1.133535744226514264e-01
5.160238707995962182e-01,-2.334542179067976286e-02
4.957126640801914896e-01,3.579984401982001796e-02
5.322987814795548944e-02,-8.281653205719392563e-01
9.095215073807738637e-01,-5.267648681090775220e-01
9.004119637080109095e-01,-1.435261876629242428e-01
-1.940699489965694302e-01,-1.008738485526955442e+00
-4.954585741229722284e-01,6.595004895312137072e-02
1.176405265857556892e-01,5.810577819243614162e-01
-6.013632853534660594e-01,4.063173378909523681e-01
6.702270480735091907e-01,-5.087061747761575381e-01
1.026471922990903396e+00,-6.786948600963979006e-01
8.118669624651283501e-01,-6.009760831135180226e-01
2.825770655568011769e-01,-9.580357941265918442e-02
4.994473620454417673e-02,4.040722496778580974e-01
8.525080234071731322e-01,-8.774912486866902617e-01
3.464834182415774677e-01,1.284290477414035125e-01
-2.892912884593483169e-01,2.584003095960466512e-01
4.580416172819266607e-01,1.150564177029548718e+00
7.565901606849093630e-01,1.210914134742810511e+00
2.241500010711857005e+00,-1.004707272884141300e+00
7.685382731830996406e-01,-1.163860197146127318e+00
2.966188671658084863e-01,-7.046447929959366308e-01
6.622309073656919010e-01,-2.613458650140459971e-01
4.649443147381880914e-01,-1.212142562645873056e+00
-4.456441911906952047e-01,-7.173031832112150008e-01
2.730430344105582163e-01,1.425572346305950533e-01
-9.678532745835519702e-01,3.042813339755737756e-01
-7.952911716162581746e-01,-1.537802987820227896e-01
1.178993447209516710e+00,2.594296495185756113e-01
1.201587201820100592e+00,-1.005967217941041020e-01
1.830125812315521738e+00,-1.460303352919707365e+00
1.939257173499695064e+00,-2.116908647514993413e-01
1.149412818433661387e+00,3.006949735797609380e-01
1.175173477647800446e+00,1.041255591688692861e-01
1.073740444096089597e+00,2.343174854590669431e-01
6.024400139946985977e-01,1.615748220806298541e+00
-1.917240133795902746e-01,3.337325670336027894e+00
-2.985945359940493649e-02,1.312193771897431915e+00
9.656044034447274216e-01,-7.139265195432807909e-01
7.591835728482644319e-01,-3.554294480901918907e-01
-5.005427577523438032e-01,-1.341483166753567158e+00
8.568810134588381033e-02,-2.086481551298197346e+00
-1.101494449272703680e+00,-6.740100792883844116e-01
1.641432548891342547e-01,-1.478074174017059095e+00
9.338424860937039051e-01,9.106512639820618649e-01
1.266090775660985157e+00,1.431970670663074152e+00
7.814628469210638251e-01,1.069480052085320709e+00
7.651509666307931834e-01,7.494784269909613439e-01
1.432812967837963636e-01,-1.457182241342053874e+00
9.273805055061568048e-01,1.499255425772963723e-01
-3.838274996654790217e-01,-7.663492530838674766e-01
8.500349495904175878e-01,9.441860584728507810e-02
4.232398013683743576e-01,-1.271321131940540416e+00
3.468897576900603630e-01,9.041292524003823328e-01
3.586502185942386234e-01,4.450013297015313340e-01
7.528416639309984948e-01,-1.305594369938528621e+00
1.504836157280040831e+00,-6.647616509719093125e-01
2.253880465626915797e+00,-1.054687953328769634e+00
3.854729299401208120e+00,-9.238299733512492784e-01
3.390402900602180747e-01,-1.626314532529806733e-01
-1.878346580919848519e-01,3.961321274113270285e-01
8.542427413207090980e-01,2.343792983072598091e+00
-3.209837555827531608e-01,1.909890453592591131e+00
-4.157189923485121730e-02,1.287614739613078596e+00
9.162237027196453720e-01,-9.549908206998670712e-01
5.409267550940066727e-01,-6.084266433262506268e-01
9.366639353064536433e-01,-2.078641352287307065e-01
2.286919637175558601e-02,-1.449573964394313963e-01
6.441437288575648790e-01,-1.352441603205503107e-01
-4.639372050721842777e-01,6.934254379884163821e-01
1.251957217409246093e-01,1.409349376647615504e+00
1.334691424124896164e+00,1.180912656315941667e-01
5.442388707395660052e-01,-7.926168049476002286e-01
1.181564513131127203e+00,-2.694394086836864877e-01
1.319105521369071221e+00,-8.268023161552549016e-01
-7.404179667925756547e-01,-3.675680458014967678e-01
2.075723196725157149e-01,4.461362152841030770e-01
5.538519338690908178e-01,-7.979117179343926392e-01
6.748217220051244691e-01,-3.271789034325514045e-01
5.129068573680645171e-02,5.107558064115583218e-02
1.043583701273933073e+00,-2.178349946406217263e-01
7.090448635464394744e-01,-2.473506207496327103e-01
7.155377275973955342e-01,-5.109866027787034470e-01
9.404007988142221164e-01,2.687483085072007727e-01
-7.679137819938963716e-02,-4.233410965924545022e-01
-6.562716574573412842e-01,3.932640526686433935e-01
3.504515305447994944e-01,1.780584883238086613e-01
-4.861679525955322489e-01,-5.958607372878638175e-02
1.890846638323423035e+00,-5.855426624747444020e-01
4.223765220881614546e-01,1.232308313542763267e+00
5.881217528692208596e-01,-3.118576091401816797e-01
9.891559947760621974e-01,-2.203534413664557934e-01
2.190878070258193144e+00,-1.203483720199145957e+00
1.469895573767729946e-01,2.258657225448806871e-01
5.824125434325203576e-01,-9.077161054342653967e-01
3.780231706756037591e-01,-1.418550977337593055e+00
-3.399658352639802761e-01,2.766918060818592817e-01
7.899434738508556153e-01,-9.446931543045766766e-01
1.310880215307435703e+00,1.237320059491701985e+00
1.327495684301541523e+00,-2.955540991793531580e-02
2.491418926703263370e+00,-6.964919786026739779e-01
2.015466669613254602e+00,-1.614689432558746196e+00
1.573923851499322346e+00,-1.484067911552144459e+00
2.573112703783553279e-01,-1.210543552236547221e-01
-1.578732528979697736e-01,-6.156934985113161618e-01
8.332397518257763647e-01,-4.710582615803364237e-01
-1.055536060781665730e+00,-1.398779808702763638e+00
1.249160170120835245e+00,7.866702791286566132e-01
1.852214247536448699e+00,9.853761067635460891e-02
9.655582659034226412e-01,-3.082580581749223142e-03
1.475482812992937376e+00,-3.226329948586648122e-01
7.669494285201441386e-01,-4.927642686326926813e-01
7.561837199779093410e-01,-4.361981997560209212e-01
9.425676847733127639e-03,-1.328698268597779730e+00
7.172553626032016627e-01,-1.107216535771249344e-02
7.773301137498341007e-02,3.732207000069898140e-01
1.027550821160501116e+00,1.613078465847612497e+00
2.508053284692812190e-01,7.313671502106423583e-01
1.636939032154089313e+00,-4.387303715033822465e-02
1.178651633474776528e+00,-4.701070809803969963e-01
-3.889977150493294511e-01,-1.314109662458674554e-01
-7.323655455384653346e-02,1.340626849133534249e+00
-2.646061201451670453e-01,-1.126952970856466951e+00
-3.417953193165873538e-01,-6.969425197673084771e-01
-2.119193804613653531e-01,-3.731180331677954598e-01
8.058753184296600924e-01,1.176986411658829779e+00
8.731978012695171820e-01,-6.575784341039412340e-01
1.046662099097821041e+00,-5.993271248131193385e-02
1.274144849074168251e+00,-9.253731197094238192e-01
-1.445457755678100642e-01,-5.179211573273214686e-01
-1.301588373724210657e-01,-7.941343356392442654e-02
-1.755158957757417815e-01,-1.534285773682282805e+00
-2.670695208660202047e-01,-4.340555212327287249e-01
1.358197706211174527e+00,8.124313054051520711e-01
1.988372959041588617e+00,1.292785394816427846e+00
9.471011862920880597e-01,-2.305844316793384252e-01
7.112432690341441432e-01,3.603848491400275522e-01
4.040613166441026083e-01,-3.724612393388117004e-01
-2.820004205859026891e-01,-7.417870196133524718e-01
8.986389322982970551e-01,-7.823033748354864259e-02
-2.152268248289353481e-01,-4.218171241084428535e-01
1.063832213056949083e+00,1.079321435705263399e+00
3.570230344950396373e-01,1.761454352780947197e+00
6.436722927420573948e-01,-2.147570250723082608e-01
7.150887245854471441e-01,-3.650775960461291603e-01
7.722600824278262888e-01,-3.141553505482591602e-01
3.338650024083597567e-01,-6.329197324058593033e-01
5.647129084482453987e-01,4.937225813916588102e-01
5.094282896668391736e-01,3.708371714902906069e-01
-4.254996568843082139e-02,-1.634738955972597219e-01
-2.113559314141712497e-01,-1.098378745335841344e+00
7.664400175090545497e-01,1.501459395138335262e+00
6.275900155691478410e-01,-3.435524917386600929e-01
2.966656941060324959e-03,-1.200206536777727040e+00
2.162101520432130997e+00,-2.613886774382861433e-01
3.216637494025027078e+00,-1.898843070651167864e+00
1.026067488760585178e+00,-7.310026743524580262e-01
1.199470275160876842e-01,-1.344202384694462182e+00
-5.164357597481141759e-01,-1.256829839790216674e+00
-4.273010731875218626e-01,-4.496493180414824486e-01
-6.140579141074976599e-01,-1.049101813176575471e+00
6.948554642472140053e-01,-1.700605452684452457e-01
2.261257466298987606e-01,-4.670074419335201732e-01
1.117079249216943460e+00,-5.850808800333652249e-01
2.066152199719673843e-01,8.367182146080730243e-02
-6.037266879737480663e-01,2.518482549273068360e-01
3.953184375047861243e-01,6.286008381146608315e-01
1.545612704639304502e-01,5.048440993320273407e-01
2.314587353354932708e-01,-1.389076892368781013e-01
-5.051057211571041705e-01,-5.402191373073156333e-01
3.084610471133233389e-01,2.734618580482672368e+00
6.397950507625987937e-01,2.398204877818419511e-01
7.192797962156461944e-01,9.318477227796444218e-02
3.149233508329224218e+00,-7.836505026459340550e-01
8.510635270325711543e-02,1.372546075905093366e-01
1.251722884593915230e+00,-1.071250512761944274e+00
-5.053864095054788619e-02,1.758409992442284409e-01
-1.938056185608175441e-01,5.272890691377186689e-01
-1.131684824414350143e-02,-1.377060354760443417e+00
7.793582103083737112e-01,2.062130670512900110e+00
1.065729309962144766e+00,1.384386784761320710e+00
1.214199022283910967e+00,2.169146220281085169e-01
1.215294753705078001e+00,2.506689132117375651e-01
5.397347090460159480e-01,-3.374217173140890980e-01
2.257361830422126014e-01,5.618009192299554533e-01
1.652691789175666781e-01,4.052444782760018516e-01
-1.368223442926254363e-01,-1.581436704053416353e-01
6.013383360856869864e-01,-4.717746027069141118e-02
-2.491714069225929584e-01,-1.468314691092516000e-01
1.612589605394972425e+00,-1.881462785414062866e+00
9.047187325008627656e-01,1.585064502038854073e+00
2.136602073176792516e+00,3.000919572998794194e-01
3.898997418401509152e-01,1.397095512329110389e-01
1.779718897911813480e+00,-1.379401447212965204e+00
7.902812079415061364e-01,-5.526261513910213363e-01
4.726814469908158234e-01,-7.354791627876557936e-01
1.463043985642109357e+00,-1.127316686223182929e+00
-1.218958136048531316e+00,-1.086775289132493771e+00
-4.023035440067847524e-01,-3.739162162786581756e-01
7.814841523747872998e-01,2.273214222322684108e+00
9.098782357682430044e-01,3.212497409706797924e-02
1.058374120198529722e+00,1.558300222552228276e-01
5.313128303902481253e-01,-8.304821725787533415e-01
7.469832568983156840e-01,7.810807595900938205e-01
-4.764169650787900556e-01,-5.069210311688379100e-01
-3.030359038511720726e-01,-2.645568917730074521e-01
6.085627248058901317e-01,9.412036845781640571e-02
-9.493668719495813590e-01,-8.944278814562645064e-01
3.158223248774596481e-01,2.204764120125951354e+00
1.358586279410344488e+00,-4.247572013117770218e-02
-7.093081488098085252e-01,-1.290495182026747845e+00
-3.140874316212737827e-01,-5.427009880711072265e-01
-1.861645833296206587e-01,-9.600948425821412835e-01
-1.290592223059255472e+00,-1.424889109732940362e+00
3.325927326093254255e-01,-2.361315448111884763e+00
-4.834454592612099644e-01,-6.214930972139391940e-01
-6.567425714214182308e-01,-1.610443009478003784e+00
1.269092924983228565e+00,2.149204873872366583e+00
1.242738276463909886e+00,2.659035768513642761e+00
1.027966984978142095e+00,9.404389785421189973e-01
-3.363050504737836732e-01,-1.525839430920944650e+00
-7.029019964667032605e-01,-6.930252842609785358e-01
-7.965505181849468208e-01,-8.546013692885634505e-01
-1.547879511216315729e-01,-4.932088159207473343e-01
2.768825996416999224e-01,4.712111472999703787e-01
-1.376045622801273516e-01,-1.101064045735716146e+00
9.634898207983197960e-01,1.356826942504695710e+00
1.635179201383228920e+00,2.555125844252248424e-01
1.060857455885557910e+00,-1.788563829440438235e+00
5.696446330450305462e-01,-6.624380906616474940e-01
-1.576975034597634995e+00,-1.383043185635657757e+00
-7.193257248462947562e-01,-9.349877991943387201e-01
-7.105380588095950856e-01,-6.785507426180870105e-01
1.295636359421872275e-01,3.799449353854642553e-01
-9.555489508107662955e-01,-1.904209844367519056e+00
6.566850909269350556e-01,1.628510273303535039e+00
1.228967408542251949e+00,2.889950349891924342e-01
6.347037783766313890e-01,-1.001466605423109835e+00
1.417921233085968735e+00,2.005178378638022008e-01
-1.807611203420206092e+00,-4.796395016943203471e-01
-4.274924294534536706e-01,-4.713967089141716804e-01
9.629199403974341154e-01,2.787928333766074851e-01
2.166020834879068269e-01,-1.626764773681351528e+00
-4.895878729424137377e-01,-2.555561589473074768e+00
5.011642142383565535e-01,9.771636300380645013e-01
-7.996218923160298697e-01,8.982203922037057531e-02
8.045338210935881751e-01,-5.003774604025836847e-01
9.147303788110958678e-01,-8.354744033038671303e-01
5.713828794813516909e-01,1.044215884122174032e+00
6.315271634577640514e-01,3.172923982568910950e-01
8.895972279209865552e-02,8.440950011675516507e-01
-4.639654091700278205e-01,6.581310631919098930e-02
5.869507305092314109e-01,6.796240535959306994e-01
2.486464164799947696e+00,-7.296983763879616447e-01
7.358481496244035913e-01,-3.593164626893795011e-01
-1.147356615392762791e+00,2.477071377943293184e-01
6.405703200771596384e-01,4.367425258180643310e-01
6.686724077086174667e-01,5.772756706728683351e-01
-1.801231085348143912e-01,-1.361506270498601179e+00
-2.840184999197835625e-01,-1.140904365267016107e+00
-6.118907128613824131e-01,-1.068075914747425692e+00
3.942330189438171817e-01,1.200292643140945664e-01
-5.348873164822229853e-01,-1.114704073428898878e+00
1.153469284946891660e-01,-2.032166025569326351e+00
-1.045837603279847761e-01,-8.914339388085288363e-01
3.403151744843665449e-01,-3.050722676060180771e-01
1.745767764733048288e+00,-8.549226202616870829e-01
-2.074145467867669901e-01,-1.861149224920243261e-01
-1.263721634862921273e-01,-7.290322813414992220e-01
-5.889089660533374238e-01,-6.741336169045584192e-01
3.253374485571229324e-01,5.987857514852593654e-01
4.954046176712387228e-01,1.098061982571825190e+00
1.046364638131083713e-01,-1.172644180778668943e+00
8.783009388061839839e-01,-2.199839523528496765e-01
2.963769061567701479e-01,2.161380478107510494e-01
-5.737287059047035953e-01,-4.474491113719741842e-01
4.334458901073291459e-01,2.011148973139018081e-01
-3.795105504704326393e-01,-8.240523847975340654e-01
5.387270751830002258e-01,-5.224623656684208584e-01
8.667581179574558314e-01,1.291552963833747736e+00
3.511776104862491810e-01,-5.944295779629354959e-01
6.702437851815640224e-01,-5.702074394816000757e-03
1.081222554504220446e+00,-6.959614067585842001e-01
-1.761916915456519239e-01,2.789146388324794668e-01
-5.414187438272877184e-01,-8.775569801162118599e-01
4.193234519876435362e-01,7.798239983180806911e-01
3.944589958780704286e-01,5.034413904632883963e-01
-5.631947138876388648e-01,-1.491118862893405339e+00
1.822531400572400484e+00,1.212180209607221837e+00
-2.388565525021860148e-02,-1.400447209582944996e+00
-1.488697587924859012e-01,-1.066985469914571549e+00
1.168791396240531189e+00,-3.196540994309790551e-02
-1.166288492924324321e-01,-8.762831231012415678e-01
-4.122706777348149054e-01,-1.166160448449574227e+00
-7.617296260473092051e-01,-2.322265104810131042e+00
9.029938707558865518e-01,4.013532886870210259e-01
-3.508820471009713726e-01,1.216173430987821380e+00
1.624785090955924050e+00,1.928265515485819148e-01
1.144991691641798592e+00,-2.512928696681275276e-01
7.229153575060929260e-01,-6.796258806740429481e-01
8.774341060980531681e-01,2.995830879558090132e-01
7.250243675681380395e-01,-1.011691911374106523e+00
3.614115975899022115e-01,-1.328817787741986667e+00
-1.066417351873896191e+00,-2.036569692454018865e-01
1.861244535643996612e+00,-4.312903635788705170e-01
2.320936954446325640e+00,8.759581772254729781e-01
1.212248253889518512e+00,-1.305776500653954286e-01
9.643014755804459881e-01,8.553116125054536223e-01
6.805285760430010988e-01,1.840381421713698229e-01
-5.886115137137236664e-01,2.497403960638043888e-02
8.132615344220651687e-01,-6.025395334303396133e-01
7.722518242344579287e-01,-3.037658024781595967e-01
1.265383448535758737e-01,8.838903502457183814e-01
6.289658854891728712e-01,7.625709156342637129e-01
5.402550596860865584e-01,-1.372075321927904712e-01
7.801484648862305749e-01,-2.763562257845128545e-01
1.984214905576545396e-01,2.150715850579172361e-01
7.555096084794545030e-02,1.676168166160636741e-02
4.190002069662163153e-01,2.393775312825851542e-01
4.375417913036175888e-01,6.094759471958981212e-02
9.881654633955848643e-01,2.974406604553440636e-01
1.652331962209568683e+00,-5.279390549181453007e-01
1.249497769380475409e+00,-2.838327111108697731e-01
1.355443892492077307e+00,6.635778541138153130e-01
1.209700182496262766e+00,1.295815419962739468e-01
5.181768372542947532e-01,-4.696510986116056996e-01
7.659518005208201252e-01,-3.633690665649308427e-01
-1.200939699279446327e-01,2.017300688196756731e-01
1.314754182593687037e+00,4.261295409939712397e-02
4.375042511140029289e-01,-2.735148209777782391e-01
2.029315211320044998e+00,1.893488546081486978e+00
4.881428799980840338e-01,3.481214851265472254e-01
8.818307274834189524e-01,8.004864678211679463e-01
4.593322583055683417e-01,6.047834905960212115e-01
5.352317267970880810e-01,3.302046290574052745e-01
7.440005378825973459e-01,-2.389917530587042649e-01
5.558192496340698119e-01,3.821704420172738481e-01
-3.976467234567905296e-01,-1.684787631065868707e+00
9.625760382136139270e-03,2.669378050136110847e-01
2.075467219401331942e+00,-5.049991600351373400e-01
1.252558218012210123e+00,-6.373156692360864017e-01
8.906808518086466453e-01,2.151111832555097358e-01
1.413782787640638361e+00,6.009098399988040962e-01
8.324031174018208246e-01,-3.238957762377651095e-01
1.562294049751186797e+00,-3.160216803582419076e-01
1.070752285226971745e+00,-5.721704274134861157e-01
5.007502887632048205e-01,1.424975170935792179e-01
2.666000291861760019e+00,-3.942455687062176861e-01
6.918436192504886506e-01,8.116720582828833574e-01
5.343309482531682919e-01,1.602445347090731609e+00
1.817662587183260792e-02,1.243692873079399186e-01
1.155823968399310342e+00,-2.770789792396347734e-02
-6.359068672711882808e-01,1.779784368580011600e-01
1.126894095071319379e-02,-2.311062110390283419e-01
-3.416944154544332979e-01,-1.892538304608736566e-01
5.412250394220283756e-01,-8.397035400392419136e-02
1.734506542328510426e+00,3.599095534311390621e-01
1.247774008873550278e+00,-2.056100422667047622e-01
7.847379454423181189e-01,-7.479604749696971977e-02
5.493085538112527644e-01,-4.374360828970350057e-01
6.284363362365383288e-02,1.632898685235358305e-01
-6.947313726043283788e-01,2.599949429800711420e-01
6.472727872752287448e-01,-2.570657580951179466e-01
-2.245628399259337327e-01,4.815492783921385689e-01
-7.911631120037472265e-01,-2.079334846705845619e-01
-4.352647949436727615e-02,-8.471832694530193053e-02
1.118973057860356057e+00,1.702171148526490985e+00
2.857833416128991444e-01,9.351502530251373235e-01
1.864466912562259271e-01,-7.342514646661629785e-01
-5.906246713455391983e-01,9.541099582418481606e-02
1.870307092622206790e-01,-5.124068606861887920e-01
7.225022670148186776e-01,1.606901942378644588e-01
5.951558822624553047e-01,-1.622092855202905692e-01
1.341962090164318777e+00,8.179362824557371292e-01
1.106657839682883449e+00,1.087073794884010569e+00
1.087515650153906721e+00,1.027824592328850484e+00
-8.321658293433867315e-02,9.830557260387728924e-01
6.422238752319042732e-01,5.603162443735401066e-01
-3.436233110670240676e-03,2.000474553810007994e-01
2.747678076819456416e-01,2.584698290301803980e-01
7.987132494356805612e-01,-2.830242264730072899e-01
1.251456786906288254e+00,-7.810926711648138454e-01
3.877554026114979902e-01,1.515983927011776977e-02
8.995404502017352311e-01,2.615861462118654224e+00
1.499373489318410968e+00,-7.623512910027935296e-01
3.125220478987379202e+00,-1.160068398273860879e+00
1.627721173822328948e+00,-1.952066884528622093e-02
1.686169934096675149e+00,-9.342632699749636727e-01
7.028045588230479312e-01,-1.224522859417306986e+00
-6.231377935958406500e-01,-1.197300483909615965e+00
1.392473027377827854e+00,-2.127633530169315446e+00
8.566632292931195547e-01,-1.519996369055840679e+00
1.653857652106587528e+00,5.214960075232440984e-01
1.167681843776579909e+00,-3.884079982903109185e-01
8.870599562294283480e-01,-3.022748395907932095e-01
1.090460136975320626e+00,-5.100284455405412753e-01
1.486197126909092336e-01,-6.926942069969094229e-01
-3.343585402109741089e-01,-9.789689842553536137e-01
-8.326934600082847027e-01,-6.221580023908642731e-01
-3.875617335864667279e-02,-1.362555403977274260e+00
1.811580035765797847e+00,-4.247561540626382026e+00
1.182853314240190468e+00,3.014352067637218635e+00
9.574293238628880931e-02,2.141685174339615472e+00
4.453185231129201949e-01,3.555204087592044870e-01
1.587934110565107471e+00,-8.506158238671946981e-01
-7.607805549110696619e-03,-4.714509790597726235e-01
-9.683469661531993178e-02,1.319648799994153909e-01
9.940943651552460736e-01,6.921350164756318035e-01
-5.271396028113487509e-01,-2.158743120940898319e-01
9.147225638631736322e-01,-1.624669885894223231e-01
2.688573791417949721e+00,-1.279879622422269936e+00
1.312130620825107563e+00,-1.678579131658236301e-01
3.862264356428753986e-01,-3.482143356217360375e-01
6.221057808513458243e-02,-4.802214418906670668e-01
-5.183660477247947762e-01,2.335157443133043659e-02
-1.082068059594524012e+00,-3.905531462017632904e-01
-2.655162495986893023e-02,8.996104249904271488e-02
-3.149940258839482032e-01,-3.703958593147055334e-01
3.683265511753173738e-01,-1.708077494952842779e+00
5.382866938134207579e-01,9.777001281014399692e-02
1.276837806678924769e+00,-6.112402953452387155e-01
4.537323646984845471e-01,-3.605005782881393617e-01
-1.476202788798895993e-01,-3.718820248795057792e-01
4.364617773595357297e-01,4.297435717307889758e-01
-4.094377914136631547e-01,-4.771698959713402965e-01
-2.970021811199117234e-01,-3.372493752089618102e-01
-2.883704611938415763e-01,-3.555060276663744023e-01
1.709104169570474285e+00,-9.546551037296913123e-01
1.430413047355883815e+00,-8.763515004290234334e-02
5.794647105494348249e-01,-4.795584492028556189e-01
7.053205285472409214e-01,4.277848126252842831e-01
1.000550014190402681e+00,6.862858758688111793e-02
2.796827964620653972e-01,1.761066929857144636e-01
2.414980909380178009e-01,-1.965003089511590251e-01
-7.420719354919272925e-01,-2.526816829702115408e-01
-3.004605252947811778e-02,-5.527347254189440839e-01
3.348739712846588445e-01,6.426446503217342343e-01
8.496329348609458210e-01,4.223647189648540579e-01
7.502558556667058287e-01,-3.833136346999480581e-01
3.829465026245316706e-01,8.691827361954812536e-02
8.562507075521818001e-01,-1.994795518889314889e-01
-9.210884805479745141e-02,2.073084754189067139e-02
7.082290720360506775e-01,-6.361169602530823974e-01
-3.515006552154908426e-01,-6.478914636017358841e-01
6.969055166136051138e-01,1.076293150244938879e+00
-1.211105695830085871e-01,4.772019956292716802e-01
-2.772494930460539520e-01,1.383003383379628748e-01
2.576959108318175318e-01,3.128179297223595556e-01
1.526237379173945308e-01,2.538644890149839295e-01
1.029526856992199590e+00,-3.535303591219648989e-01
3.138301307630663173e-01,-8.404317018608711276e-01
-8.954465339617431741e-02,-7.222961113752528473e-01
6.882427884741407764e-01,-1.628502655375340669e-01
8.312196265185891608e-01,-4.627948210410225416e-01
1.211812252372587384e+00,-1.730733769376244513e-01
4.990530690788166357e-01,-4.287516538310027214e-01
-1.288013771294075904e-01,-1.803861295761755856e-01
3.541680903316626883e-01,4.776990072207104032e-01
3.603017862589894538e-01,-3.716932111749730872e-02
5.198950773628078226e-01,4.825000388237402627e-01
1.680233921182188450e-01,9.080391023103840942e-01
-5.207468286211576203e-01,1.463860769033528575e+00
-2.849845136413281521e-01,1.941049455260953405e+00
-2.168835159748005559e+00,1.223642032840960292e+00
-6.636046710059025910e-01,1.671589744295984614e+00
6.270253223531974118e-01,3.402157910753184078e-01
3.379606180943913740e-01,-8.141516012116527534e-01
-3.931647346778524010e-01,-8.985101718741066446e-01
1.278217588762299961e+00,-1.625303526581322877e-01
-4.280778351875718646e-01,-1.222332550694281261e+00
4.924558436753873059e-02,4.743029306163270009e-01
1.337187673951352185e+00,-8.654394065436333827e-01
1.201465748287294577e+00,-1.333582489280236427e-01
7.173602412868622658e-01,-3.265025319739590648e-01
-4.260058250101403932e-01,-1.290326122079495930e-01
2.680278672374319937e-01,-5.472953136086917969e-02
6.896299950708801862e-01,-3.779592339274532309e-01
7.437049372961126448e-01,-1.975834101838477019e-01
9.867895252554930163e-01,-4.315645080653017773e-01
5.194650036263832593e-01,-7.219781497044419627e-02
5.093757620293813959e-01,6.480160205833873643e-01
1.881418946451304808e-01,-2.343642497154018733e-01
6.268620800524484782e-01,-6.530840564281551464e-01
6.692470013722835454e-01,-1.553541078253571905e-01
-7.632104977321176875e-01,-4.276196376494098561e-01
-5.997295072292413431e-01,7.378187676212502599e-02
-1.501324844878925147e+00,-1.490941264429844759e+00
4.824321252373427460e-01,1.433886196024623194e+00
7.108391467077845860e-01,2.699318337682610203e-02
8.869364268843338284e-02,-6.444098884202891231e-01
-3.169723371817460000e-01,-4.057344726932686496e-02
6.293752438722557963e-03,5.632855781511723059e-01
6.359960902002249616e-01,-6.104042170678808388e-02
1.537346013145410306e-01,1.008646962206628528e-01
-3.926547855296329548e-01,-6.982561947140388803e-01
-4.322129964537771984e-01,-8.324663105362950510e-01
6.963037657581153117e-02,-3.220514510412192943e-01
-8.591697449549239307e-01,-8.159083690937366518e-01
3.248064845677919976e+00,9.300347365337446881e-01
1.934478077746227376e+00,-7.508051597197465399e-02
1.296151954038515353e+00,7.302606128181185485e-02
7.010898967742340560e-01,4.072695115367765961e-01
5.310230271374917210e-01,8.399919910832973624e-01
5.491505660284407009e-01,-1.111449007664778582e-01
-2.418898438956118280e-01,-6.359189008641359386e-01
7.518018314632252119e-03,1.013286489576439575e-01
8.523444697785551583e-01,4.298299198738588234e-01
2.079781387076129473e+00,3.640623985694646514e-01
1.365263725265873029e+00,-4.234607366987523380e-01
6.741056719531042241e-01,-1.240004741145974976e-01
3.116004264535245039e+00,-1.409924002945989630e+00
1.929670686098326593e+00,-9.166531108883214651e-01
9.997859001375157817e-01,-4.652982735622769872e-01
4.003251654162613415e-01,6.257971559803399142e-01
2.541963903533435154e-01,-4.268269336861687524e-01
-3.639220154681808983e-02,3.305872670500732968e-01
6.171516369851650641e-01,-2.839906895673746656e-03
7.646281311996238061e-01,8.937151878237327152e-01
3.315371839458223224e-01,9.787997912130862455e-01
-1.608360609159753263e-01,-1.875889458580344060e+00
1.054906728587686748e+00,9.376433243448210053e-01
1.545809020915438703e+00,-5.515767429861035964e-01
1.028356971554973853e+00,9.763773580135032271e-01
2.009768376792242239e-01,-2.710990521498237715e-01
8.408368029767157026e-01,-2.193328224327586173e-01
-9.866332791115428602e-02,-1.469207179497886151e-01
2.922263148945476452e-01,6.609422662669470760e-01
7.766912224338475834e-01,1.332705795638905233e+00
8.271406024012801783e-01,3.858608722172018335e-01
9.226810616500343842e-01,1.271300940282083514e-01
1.072055665320631679e+00,-6.478625231063983581e-02
-6.026014821265052168e-01,3.984930004276691085e-01
5.256152763116936910e-01,1.463292140918318607e-01
7.696202272070089556e-01,9.591773829464869672e-02
4.526936029459344146e-01,2.032031837674924124e-01
-8.735614373732321081e-01,-7.920252712195176015e-01
8.394748506582723480e-02,5.047302478715214313e-01
8.073902094941198815e-01,1.016533829774957987e+00
-5.121207375961311925e-02,1.197521404683783652e+00
5.068354852411305345e-01,-2.071368548729728698e-01
1.767338197739955763e-01,2.545271296215385615e-01
-6.675081979959835987e-01,-8.812106209335082152e-01
5.489549013488067564e-01,4.747989121925058620e-01
2.348446661542944458e-01,6.296960785611137590e-01
1.097421099178847559e+00,3.423134295278312811e-01
8.899182979822365391e-01,-5.817711113668097012e-01
-4.253217655857217117e-01,4.829206895320459214e-01
7.665027749449495609e-01,-2.311346072691263243e-01
9.139979628848386994e-01,9.472037027926597519e-01
2.518888937306651421e-02,-4.807675138805970749e-01
5.992690195180495616e-01,4.255208433354936148e-01
-1.068892634894920424e-01,-3.913410085580248943e-02
1.034297605841073331e+00,3.119434576783174373e-01
1.200836119053662276e+00,-2.977090239503326075e-01
7.531442030185954151e-01,-2.790023794304545279e-01
1.264654839063873881e+00,9.299219843097158988e-03
-1.435522982731910480e-01,3.642092489549892398e-01
-2.701792355482484087e-01,3.140183167144693366e-01
2.639363842988864950e-01,-3.291776588263997660e-02
-8.719346221651007589e-01,-1.425684660269068482e+00
-5.039197741715240042e-01,-6.603401304600893251e-01
5.310564993206923212e-01,1.851463530877928587e+00
1.145860518676682371e+00,4.318962836427922003e-01
1.624835402153392838e+00,-1.224129899447367720e+00
9.461526749227999744e-01,-8.131404266724342467e-01
-8.368692795355739955e-01,1.930550400360912633e+00
4.362575154738962402e-01,-2.917835734528583802e-01
5.873718401288290369e-01,4.445897731673693065e-01
6.117589026009720432e-02,9.139690157219215738e-02
3.490400726953640786e-01,-1.073015699703768477e-01
1.229439048241570243e+00,4.920407251224482859e-01
8.883838968196799968e-01,1.621853223794112342e+00
9.328868972573829410e-01,-2.490679275067454040e-02
-5.988225797833980346e-01,3.359111513977917074e-01
2.071960590324475604e-01,5.710164321441131285e-01
8.538092218282886670e-01,1.833489989980006951e-01
7.571589498021330522e-02,-5.049870507335402214e-01
-1.429182306479774289e-01,1.369549226839848366e+00
-3.904993717756603533e-01,-7.064895330954616970e-01
-4.011722476128428139e-01,-9.535443897163291549e-01
7.403421400702152599e-01,8.520510423609251038e-01
1.491077442738007353e+00,8.977418919034876321e-01
2.420175325652239584e-01,7.681412226337290816e-01
1.109633048313835024e+00,1.197667033193717812e+00
1.516996643248925691e+00,1.330709720187357670e+00
2.477274127319873398e-01,-6.299697178680107035e-01
-9.786594616611594966e-02,-7.141663041118501143e-01
2.710428487123597296e-01,9.031074456772422154e-01
5.134422745332249960e-01,1.431046915793079854e+00
1.247168483826152530e+00,1.488328236231122981e+00
5.962363728421143927e-01,9.822110777758542577e-01
1.245323412209202285e+00,6.345135389984430940e-01
3.596143917562752979e-01,3.275024904950973315e-01
1.801749717429918629e+00,-1.011361020543983580e+00
2.641405555253792392e-01,-2.568410217771189274e-01
-1.025077015632818583e-02,-9.646227553922184228e-01
4.603600967336363148e-01,1.894712227118655612e-01
2.503851256614955112e-01,2.949189892944567015e-01
-5.112282974007512082e-02,1.281955574457911418e+00
1.455306775847172718e+00,1.992008297041330644e+00
1.981779761608104540e-01,5.957451630226778816e-01
1.997518582636730322e+00,5.625031814124450413e-01
-3.703700274900527112e-01,-7.147573872419490382e-01
8.987099103736427841e-01,5.825887954621365994e-01
-9.143286526217837829e-02,3.837708355941430449e-01
8.358876241720181177e-01,1.100817092840425504e+00
-7.931710952557652350e-01,7.020920819920369871e-01
6.728772668503506527e-01,1.674405484800078003e+00
7.254106231416636019e-01,1.337568390523782957e+00
1.938074150225976844e-01,3.331794075854238590e-01
3.930066130183508810e-01,2.955921949228585976e-01
1.501527892364588945e+00,-3.239215963304461487e-01
3.316535107531036752e-01,-2.320259233183819825e-01
1.261807269253801156e+00,5.573609907304728495e-01
8.439520341892317590e-02,2.061468154912908524e-01
1.200348296158765926e+00,8.903441024240555945e-01
1.064143216871992426e+00,1.243397926594427272e+00
2.262652935502520890e+00,1.482850961059407613e+00
2.925786131646797017e+00,1.290396427821312919e+00
2.026945816805608924e+00,1.427179571583272910e+00
2.602774767548367008e-01,7.021692414767919388e-01
1.113930464051228864e+00,1.096821638433867152e+00
8.665828198922809200e-01,1.074378743034078099e+00
1.869148623409571996e+00,1.416434985557195159e+00
-5.270319273775680990e-01,2.312307490747277650e-01
9.864991556106930126e-01,1.129406620586850041e+00
-3.758705483962739846e-01,1.108646900896820497e+00
-5.608048148512213560e-01,2.098232825648924660e+00
-1.754392676023428299e+00,1.068162254093523167e+00
-5.278032471647313706e-01,1.827657181529583230e+00
-5.524871727022537815e-01,1.987061143671805530e-01
2.024609825418081654e-01,1.834339453882988469e+00
8.520846733627049363e-02,1.858606720950865820e-01
-3.366614038085008476e-01,-1.316154224631096437e-01
6.527521966753218052e-01,1.336608538432397797e+00
6.834888915708743351e-01,9.235315606903066188e-01
7.201320751031257128e-01,-5.484936356486632691e-01
1.718619229396412429e+00,2.757454007162250531e-01
7.634262172674826097e-01,-4.968959306248340591e-01
9.026129593350078473e-01,-4.878985689255965763e-01
1.014201021228937849e+00,-1.187801502182562752e-01
1.682328573659083171e-01,2.052543024855429388e-01
3.262095631017543074e-01,-2.476607211627232796e-01
-1.415094211280314151e-01,8.864257077599918544e-02
1.811173850563697618e-01,1.515357082677952327e+00
7.958001343913656545e-01,-2.762853059699990066e-01
1.356330867566315934e+00,-2.931091031487988996e-01
5.678236451948265318e-01,-3.127047263238231789e-01
1.231278102824453713e+00,-5.776975600978210279e-01
1.923503063906031985e+00,-1.574787358821998273e+00
2.717772695020446716e-01,-2.957978659839115010e-01
1.146719394641770196e+00,3.813416961380622361e-02
9.347474118869277815e-01,1.419394908083610796e+00
8.771259911308784130e-01,-4.426217912172138169e-02
9.445598835184028097e-01,-3.817273099024833805e-01
1.377866083074033243e+00,-4.784798377149782067e-02
4.970115092438622262e-01,1.834371609640610690e-01
7.938675003929966945e-01,3.541885616213173993e-01
8.628475210190547084e-01,-2.400400240684900932e-01
2.316872077017705922e-01,-8.392035357682681163e-03
8.139977999276997167e-01,5.148590258906377004e-01
1.480846672868711522e+00,1.284354850174900031e+00
7.278802701500461936e-01,9.971990778739142636e-01
5.471987910529774179e-01,4.772487363388407400e-01
6.285550014203650226e-01,5.779981700986556170e-01
1.116163844198416522e+00,-2.965061435010169499e-01
1.192127442171051932e+00,5.474730721851557291e-01
2.945830922844849376e+00,-6.537597162732524669e-01
4.282453755933455231e-01,4.910021989944365894e-01
-7.587121974050324846e-01,7.475811580868019224e-02
1.008863914117513749e+00,1.481383576065399721e+00
9.987128293119585942e-01,2.098324765266602054e-01
1.119432201310557096e+00,-3.860937232056131929e-01
8.866137080893984335e-01,1.124522022548786193e-01
1.313467438600792292e+00,-3.898071436255463040e-01
1.976172335016193937e+00,-2.482422860455381353e-01
5.165701442242523811e+00,-7.969916904461847862e-01
1.145480321712178062e+00,-9.151912016964569574e-01
8.591917319815576271e-01,-3.978070933100569806e-01
1.323131362510496123e+00,3.944223016783313662e-01
-3.778930190821394586e-02,1.507547872000448930e+00
1.013719287835024296e+00,-3.419115390514687602e-01
1.452578558087452287e-01,2.673690357645002180e-01
2.552053285666670002e-01,3.359464751466257892e-01
-8.617037900616902890e-02,-4.226335965591833110e-01
2.399439810374867366e-01,2.407500479571508256e-01
1.099215120809198476e+00,3.876869641688386880e-01
2.719160294198560646e+00,-7.009026639418285409e-01
5.297191374149838872e-01,-1.278215855298877879e-01
1.312079376133347797e+00,4.493471319741392800e-01
-4.142165844219769522e-01,-2.509338371920316613e-01
1.110613922984761359e+00,-5.933006893322760877e-01
5.845255346694229193e-01,-2.435753609729452707e-01
9.398330121450246266e-02,-1.966114473325696776e+00
1.795197622562735296e-01,1.322336118810348293e-01
1.545680514354275392e-01,-9.207138742492849692e-01
-2.337674817692659002e-01,1.082823435060228157e+00
3.691939679911488970e-01,2.172259409062471391e+00
1.212641211524669860e+00,2.388034184888196410e-01
7.458066225984141262e-01,-7.441133640406058514e-02
7.963587693750550089e-01,-2.926984554879954459e-01
3.271036382649930019e-01,-3.922191423186305870e-01
-3.799700894096610937e-02,1.607858969433462459e-01
-2.440695484330377696e-01,3.678341059787532674e-01
7.449410916174094011e-01,-1.896765995031857721e-01
1.306370528957783606e+00,-3.847176286686968538e-01
5.648314245457264349e-01,-5.910334114390665139e-01
5.214139436823121976e-01,1.137516329425487527e-01
-2.360472773213811437e-01,1.507363587757885592e-01
5.171297572856831115e-02,-4.996477469896854484e-01
2.800619469882939527e-01,-7.229038530250006533e-02
2.287026147282741340e-01,3.530237256664003898e-01
1.432637447977785028e+00,-7.061244287015445709e-01
1.372941279454435781e+00,-5.672828215786537842e-02
9.776354312490836973e-01,-9.277846032529303566e-02
1.075546654712151273e+00,-2.753476971001169171e-01
-2.018595414185808679e-03,1.359578934688130958e-01
3.938382993064516446e-01,5.150031386613850293e-01
3.782968375771629255e-01,-7.017142094821919585e-02
2.481627388036508619e-01,3.110394561192708629e-01
5.547509624324120647e-01,-9.870479592451009143e-02
1.078089971903658295e+00,-2.409038243081230157e-01
1.016301973376158019e+00,7.149966229928824690e-01
1.543843480698466442e+00,-2.819353385486521590e-01
-1.884661254270206254e-01,3.430813031310213645e-01
1.018555895498969299e+00,-4.017769212452092509e-01
8.870502642195825516e-01,4.925897240953269751e-01
2.159645672355185730e-01,3.669249026236521272e-01
1.143985518134164048e+00,-8.023586885048229755e-02
9.135521075989261330e-01,2.080623343907236134e+00
6.771460862407994163e-01,-1.392417673529746380e-01
1.565033690248974763e-01,1.764572269189167431e-01
2.423568076484891309e-01,-3.775208838944689171e-01
-1.093185248217214134e-04,-8.380609633360398825e-02
3.780967658467599968e-01,-4.535991134350076948e-01
7.659325695198837547e-01,2.135079638966796145e-01
3.535395514411638906e-01,1.161788439615025897e-01
-2.085709470792491971e-02,6.209662485447785540e-01
3.851092651129998101e-01,1.039856982801171448e+00
9.899193724238918302e-01,-1.133508724099174803e+00
3.032979709207050956e+00,-1.363984258786659076e+00
1.304110636589476124e+00,-7.056514863394014458e-01
2.198605520193869456e+00,-9.047005375781184966e-02
5.701918064160749200e-01,-1.366888221688239979e-01
1.127794403443111770e+00,-9.210948240535625775e-01
5.944021994328141378e-01,1.417380965036335594e-01
7.661176153612051509e-01,1.737005568801177485e-02
-2.955908348988598444e-01,-8.546920367449017952e-01
-4.493706281649470502e-02,8.731512786877950738e-01
5.011512533724344909e-01,7.942936202478455554e-01
9.733147756759759073e-01,-4.498897286700991316e-01
1.012890037447546909e-01,-1.895798032923881327e-01
-7.576942024386953412e-01,1.927906374412510782e-01
1.226381212822809652e-01,6.682877326932437634e-02
-4.382669807202788093e-01,-8.823007808396389484e-02
5.235919682973704248e-01,-8.278203095636749165e-02
5.890446136205788052e-01,1.138950957274714071e+00
9.726171992634939922e-01,1.968905089612718040e-01
9.705977463070434297e-01,-1.702923338396695185e-01
5.621780160205364085e-01,-2.738801720149256491e-01
8.187873208136684511e-01,-4.992680151748898343e-01
7.651825661747403418e-01,-1.785422279360086018e-01
-4.279273596974862981e-01,2.687692451667978988e-01
-3.287465609515407561e-01,-1.352668193948893260e-01
-4.088305785628041922e-01,-3.649589504847319255e-01
1.809313823930503551e+00,1.501590191916044592e+00
1.205635787216769450e-01,1.699028354408515240e-01
4.368971271385365673e-01,5.810191565599353014e-01
3.690318924356157937e-01,4.231471489497477534e-01
3.390886163563092692e-01,3.731246255168733095e-01
1.281274151468605238e+00,6.386788203708243516e-02
2.625182588223521352e-01,2.707412926954051724e-02
8.043216340698630118e-01,2.696555220641634887e-01
7.353833355245079639e-01,3.871591839291192438e-01
5.864554191003147343e-01,-2.279080870802753900e+00
6.799621853350241718e-01,3.148003932801333171e-01
1.855600108813669546e+00,1.445061583902674807e+00
2.804913945246972684e+00,1.261748509982367539e+00
6.870705118823682012e-02,6.880884012230106261e-01
4.124804518356933181e-01,4.601855779018426684e-01
1.304549274326001207e+00,8.745587222958823848e-01
1.458645065576627209e+00,-7.289445228671731503e-01
3.712357657356362584e+00,-5.236289506253534176e-01
2.688021640310219507e+00,-1.088856167553594378e+00
4.290247952772787143e-01,7.184747697190038140e-01
-1.813370903521566158e-01,1.849002273466123225e-01
5.320216905881012259e-01,4.520403800390214721e-01
4.665624082962395724e-01,1.003101332891736863e+00
-5.015592614758268564e-01,2.319717680778634161e+00
8.466428710620520215e-02,-1.713798943649434303e+00
-1.726720738511753561e+00,1.065499667919783011e+00
-2.192561685027397123e-01,1.866801664578449538e+00
1.527834532296045711e-01,-5.640108259852019135e-01
6.049497408250441577e-01,-9.538229043651436090e-01
5.866426046199373356e-01,-2.578086273174360343e+00
-5.257698345546313323e-01,-8.421508018839906073e-01
1.430076421198294367e+00,5.978229555339004131e-01
1.766797487362668839e+00,1.780116799805928351e-01
9.099776775253580752e-01,-8.695261947674064462e-01
2.453099356411271526e+00,-8.945500536815078618e-01
3.052273654904540834e+00,-1.197576706604109642e+00
1.875532979150322799e+00,-5.325092749041737683e-01
-2.577954924866188158e-01,-3.713446532445562887e-01
2.063708610179933733e-01,-9.419197300657071725e-01
-9.014117789100692391e-02,2.337622930942599431e-01
6.337646844082286401e-01,6.796537821742366647e-01
1.803700987291880220e-01,3.573126761003522223e-01
5.800807795225610963e-01,5.061210041134314719e-02
1.034018890470434160e+00,8.098379160430368984e-02
2.545708787895222258e-01,3.892404454386816370e-01
-1.128039578981620883e+00,4.513987042819491702e-01
3.755519926383553142e-01,2.828245114961948636e-01
1.839629259884449364e-01,1.668647740164324877e-01
1.473928251639617104e-01,1.090631570320050203e+00
7.924942758842230539e-01,1.103563032586682535e+00
6.760364884374662209e-01,-2.157914368682027906e-01
-1.535844892331244660e+00,2.380669251266107178e+00
-1.118815811218466072e+00,7.319973773271046813e-01
9.816033278209935764e-01,-6.608981894131522594e-01
-9.279439471739467926e-01,1.454750705820123946e-01
-1.371632867652629262e+00,5.441883301046415156e-01
3.066896967607706248e-01,3.365987889300502967e-01
6.609776861934399395e-02,-7.191409699984867565e-01
-1.605442675535888597e+00,-3.924719814075968150e-01
1.102371278689849854e+00,8.351961397032209300e-01
5.918474028416744748e-01,5.127240885307051688e-01
-2.150920909250850777e-01,5.861683462959326185e-01
8.894617513750561200e-01,5.147894317729184710e-01
7.120784041203145343e-01,-8.852458507496241413e-01
9.232041250358322682e-01,4.493536162166872905e-01
1.756883750096793761e-02,-1.423557752728712433e-01
2.806052581470152019e-01,-3.294665965700281363e-01
-1.497425219467775070e-01,-1.953855114083606903e+00
1.175074552988154331e+00,5.479842530048487648e-01
9.546143778008712999e-02,-2.745342735759532388e-02
1.470437316326133725e+00,1.565288025661499549e-01
1.090294536363676792e-01,6.973809062930903802e-02
6.283635780915289848e-01,-6.115089176108731150e-01
4.813408163275475493e-01,6.045339068338370092e-01
1.263932514712381439e-01,2.718881799737144639e-02
1.731078555684462117e+00,6.402753706751127538e-01
6.248099049423475604e-01,7.895634453133455466e-01
1.697183349219860138e-01,6.273509158581189737e-01
7.076581962964427763e-01,5.726028551928529220e-01
7.208592170311902692e-01,1.495314132200834534e-01
3.110691945650947976e-01,-2.844790728158435034e-01
-3.890002148166105123e-02,8.554644576327886940e-02
5.994307346855511920e-01,2.990959176870415792e-01
1.109903153736698234e-01,4.358406614372132282e-01
2.004401229716104904e+00,1.511747834151682568e+00
1.023989909488946859e+00,1.688109229726519445e+00
1.113718550481207492e+00,8.208833902051382303e-01
1.907693848788431845e+00,1.446451689940403407e+00
1.269253591842946838e+00,1.088157995049536586e+00
1.777704749727841538e+00,1.887652828988489295e+00
-2.329535480317364016e-01,-8.596113875051716313e-01
-8.320296727598054387e-01,4.578981100676020044e-01
-3.266715282644269136e-01,-1.746734659665013289e+00
2.553689651357255452e-01,3.741879298491089245e-01
1.436071865358736543e+00,1.597319652454883832e+00
2.048967826807855941e-01,9.642657563167277290e-01
1.540463283803671146e+00,8.853253866969057473e-01
1.948410761975456762e-02,7.061920369898454508e-01
3.890964241018176617e-01,3.167421129591609374e-01
-9.683208361675987863e-02,-4.108358794843252615e-01
4.777487031305932552e-01,1.008220059786720801e-01
6.694204844935515430e-02,3.423832716883574712e-01
-4.040233374110320241e-01,4.131885617407173861e-01
-1.451965482532585061e-01,3.405068074978138681e-01
3.092223755185088963e-02,3.974129272670185453e-01
1.016910227329242078e+00,7.907392282978514819e-01
7.770110117812836226e-01,5.943220151126371587e-01
